State,District,Latitude,Longitude,District code,Population,ST,SC,Workers,Male_Workers,Female_Workers,house_electricity,house_internet,Graduate_Education,sex_ratio,literacy_rate,Muslim_rate,Non_Muslim_rate
Andhra Pradesh,Adilabad,19.284513950073435,78.81321233480176,532,2741239,495794,488596,1323667,748939,574728,566108,5512,100226,99.85090861901284,54.112282803506005,10.067345459480185,87.54803940845727
Andhra Pradesh,Anantapur,14.312065561843148,77.4601584478577,553,4081148,154127,583135,2036166,1208544,827622,897970,8606,144915,102.37234665557237,56.62524368143473,10.865962224354519,88.19508628454543
Andhra Pradesh,Chittoor,13.33109263067696,78.92763898886037,554,4174064,159165,785760,1933357,1202223,731134,944555,13763,246409,100.30443503882218,63.915598802509976,9.531957344209383,89.54314068974504
Andhra Pradesh,East Godavari,16.782718320784902,82.2432074720511,545,5154296,213195,945269,2093681,1545831,547850,1297273,22411,263023,99.42273644591366,63.80264152466215,1.5089742614704316,96.68303876998915
Andhra Pradesh,Guntur,15.884925767634847,80.58657614107885,548,4887813,247089,957407,2381624,1442370,939254,1186028,19383,221924,99.72332684452856,60.56780404651324,11.452361209399786,86.28801879286299
Andhra Pradesh,Hyderabad,17.38971555555556,78.46668888888888,536,3943323,48937,247927,1413297,1045585,367712,869721,149034,558090,104.87476802157998,73.34309160066269,43.45079010773401,51.88646732717558
Andhra Pradesh,Karimnagar,18.515483193277312,79.43765428571413,534,3776269,106745,709757,1876768,1049463,827305,926768,8831,256633,99.22610182493092,58.43940143035361,6.48054998200605,92.44942561030477
Andhra Pradesh,Khammam,17.683921325051784,80.67008643892335,541,2797370,765565,462896,1410062,802906,607156,668519,8628,160804,98.9054183002911,58.27738196949277,5.679870735726772,92.77717999406585
Andhra Pradesh,Krishna,16.143872753151673,81.14805061000413,547,4517398,132464,871063,2048880,1327299,721581,1163932,30438,328454,100.7711921167028,66.62503503122815,6.796899454066256,89.07069954872252
Andhra Pradesh,Kurnool,15.43759715142429,77.90086836581717,552,4053463,82831,737945,2029425,1164122,865303,816721,10081,115504,101.24071856525254,52.47762222080231,16.547258479971326,82.11201138384635
Andhra Pradesh,Mahbubnagar,16.639546224256293,77.98933089244859,538,4053028,364269,708954,2082501,1140067,942434,757821,6153,98227,102.38405066906617,47.881386459703705,8.24499608687628,90.63485374391689
Andhra Pradesh,Medak,17.889304978038055,78.13778901903379,535,3033288,168985,537947,1442203,837874,604329,604719,8635,127493,100.84568332033335,53.972356070376435,11.28969619765746,86.94568402340957
Andhra Pradesh,Nalgonda,17.113250515463907,79.16984453608244,539,3488809,394279,637385,1741693,976428,765265,789225,7715,196134,101.77757908014694,57.35536109887357,5.40717476938405,93.1329574075279
Andhra Pradesh,Nizamabad,18.429485849056604,78.07523490566035,533,2551335,192941,371074,1261076,684320,576756,545913,5261,141850,96.15182356495839,54.47383428675576,15.34867040196603,83.22803551865984
Andhra Pradesh,Prakasam,15.489039001601704,80.11665790176184,549,3397448,151145,787861,1700567,991842,708725,763746,6151,133627,101.90647798398274,56.054868242280676,6.494698373602775,92.72239045306948
Andhra Pradesh,Srikakulam,18.570900998697432,84.25874814010675,542,2703114,166118,255664,1290288,766483,523805,615432,3988,121213,98.55748889359002,55.32067829917643,0.3338741910256097,98.66213559620498
Andhra Pradesh,Vizianagaram,18.28329696032972,83.45982854198873,543,2344474,235556,247728,1157962,679289,478673,527736,4453,103591,98.18089141392582,52.82157106455435,0.7004982780785797,98.06587746334571
Andhra Pradesh,Warangal,18.01752608695651,79.87422028985509,540,3512576,530656,616102,1705655,960926,744729,828077,12952,248942,100.34141430848773,58.78941836418628,5.617899797755266,93.20097273340136
Andhra Pradesh,West Godavari,16.63297943925236,81.45912990654196,546,3936966,109072,811698,1773112,1199338,573774,1017568,12050,207586,99.63844693435455,67.37139716218022,2.1880300718878445,94.82405994870162
Arunachal Pradesh,Changlang,27.36048479338845,96.37552644628106,253,148226,53878,0,62966,39329,23637,14593,170,3633,107.9547686523191,49.3665079000985,1.4396934410967037,32.16912012737306
Arunachal Pradesh,East Kameng,27.371194055944056,93.04741486013997,247,78690,72400,0,31710,16424,15286,5318,57,2330,97.14393085306276,48.861354682933026,0.8285677976871266,15.672893633244378
Arunachal Pradesh,East Siang,28.15382352941176,95.06499226006191,251,99214,69979,0,40222,23591,16631,14231,450,6540,102.07340421198418,63.07174390710988,2.307134073820227,28.074666881690085
Arunachal Pradesh,Kurung Kumey,28.04853351800553,93.24531994459834,256,92076,90764,0,38044,18429,19615,3911,95,2031,96.92031310150135,39.756288283591815,0.5115339502150398,5.277162344150485
Arunachal Pradesh,Lohit,27.946785273972623,96.59670770547945,259,145726,47410,0,60945,38910,22035,17157,312,5180,109.66261420041722,56.998751080795465,2.639199593758149,67.94943935879665
Arunachal Pradesh,Lower Dibang Valley,28.32651730103806,95.76567335640142,258,54080,25974,0,22326,14102,8224,5932,207,2795,107.78422407499903,58.89238165680474,4.154955621301775,53.46708579881657
Arunachal Pradesh,Lower Subansiri,27.70849297297297,93.96226108108112,255,83030,72911,0,30202,17339,12863,12493,381,5230,101.59273557190376,65.1053835962905,1.7848970251716247,11.503071179091895
Arunachal Pradesh,Papum Pare,27.273529716981127,93.54468183962264,248,176573,117216,0,65772,41263,24509,30539,2477,13840,102.0494101223238,68.55408244748631,3.4818460353508183,32.296557231286776
Arunachal Pradesh,Tawang,27.680683962264148,91.82504245283016,245,49977,34811,0,28561,19554,9007,8635,96,1379,139.9740708729473,52.169998199171616,1.5747243732116774,23.694899653840768
Arunachal Pradesh,Tirap,26.94406229508198,95.41470327868862,254,111975,98372,0,50169,27545,22624,16026,98,2134,105.94618454690921,42.843491850859564,0.9850413038624692,18.470194239785666
Arunachal Pradesh,Upper Siang,28.8309244897959,95.00155765306124,252,35320,28468,0,17644,9968,7676,6198,97,1349,112.50225618193852,51.514722536806346,1.1636466591166479,14.89524348810872
Arunachal Pradesh,Upper Subansiri,28.277196566523585,93.8991435622318,249,83448,78323,0,33370,17898,15472,5373,139,4276,100.16310865915088,54.25893969897421,0.624340906912089,16.146582302751415
Arunachal Pradesh,West Kameng,27.46486582278483,92.65015750452083,246,83947,46380,0,42493,28313,14180,14188,202,2693,122.12902201524132,57.76501840446948,2.346718763029054,37.24373711984943
Arunachal Pradesh,West Siang,28.106296920289843,94.53510344202908,250,112274,92783,0,49177,29156,20021,14204,303,6030,107.50748530662034,57.66784829969539,1.9755241640985446,14.144859896325062
Assam,Barpeta,26.427872264631056,90.97912010178116,303,1693622,27344,95320,561824,445297,116527,84804,2078,46947,104.88569085115496,52.9668367557814,70.73809858398154,29.107203378321728
Assam,Bongaigaon,26.45012521994133,90.6734296187684,319,738804,18835,82784,255806,197542,58264,49866,2523,20221,103.53512256671056,58.75414859692151,50.220762204860826,48.61167508567902
Assam,Cachar,24.815570668693017,92.86849650455927,316,1736617,17569,264897,608062,469752,138310,140205,5316,45341,104.2278730803109,67.61007176596797,37.706414252538124,59.82810256953606
Assam,Darrang,26.58463215962442,92.04141338028155,325,928500,8419,40260,324843,246864,77979,45444,1166,22267,104.86422918316869,52.4543887991384,64.33947226709746,35.252773290253096
Assam,Dhemaji,27.586533438485816,94.71336908517353,308,686133,325560,44225,316800,186577,130223,28195,1192,28006,104.8867667610277,61.65393589872517,1.9639049572021752,95.47012022450457
Assam,Dibrugarh,27.30612284482757,95.0998282327587,310,1326335,102871,58876,560557,368013,192544,136685,8817,59380,104.08262181470715,66.68986342062902,4.864985090493729,90.35432224890394
Assam,Goalpara,26.017277777777807,90.59869891598912,302,1008183,231570,45094,362573,267118,95455,78641,1364,18294,103.71819249087173,55.90026810608788,57.522195871186085,34.50544196837281
Assam,Golaghat,26.377219709794485,93.82583397823468,313,1066888,111765,62298,479928,309104,170824,82345,3073,36887,103.71071187851686,67.6513373475004,8.464993513845878,85.99084439978705
Assam,Hailakandi,24.457496089385486,92.59154664804475,318,659296,691,70659,214240,170792,43448,44143,1211,11608,105.12871570536953,61.78802844245984,60.314790321797794,38.10033732951512
Assam,Jorhat,26.76244824016563,94.30197722567289,312,1092256,139971,88665,498618,320746,177872,122063,5651,62608,103.98803998871979,72.7786343128351,5.006518618345882,92.30610772566138
Assam,Kamrup,26.170939452054807,91.58863273972592,321,1517542,182038,107827,628954,428492,200462,122191,3109,55011,105.32823871808368,65.58757517090137,39.65517923062426,57.823440800979476
Assam,Karbi Anglong,26.08966454598031,93.11536570271832,314,956313,538738,44961,383441,246193,137248,53918,1923,18225,105.15310653743677,58.26690633715113,2.1216902834113935,80.09929803317533
Assam,Karimganj,24.69660712250711,92.3679498575498,317,1228686,1940,157890,399171,319798,79373,70951,1933,21408,103.82235552119863,64.72744053403392,56.36012781133667,42.481317439931765
Assam,Kokrajhar,26.497246635730868,90.13997470997688,300,887142,278665,29570,341131,236322,104809,41373,1218,17287,104.29903485884435,55.15520626912039,28.436372080230672,59.637352306620585
Assam,Lakhimpur,27.14128805970149,94.0775949253732,307,1042137,249426,81840,429995,282250,147745,60296,1948,44212,103.35848636877199,65.58504304136596,18.565313389698286,76.48994326081888
Assam,Nagaon,26.26462170626351,92.9306191144708,305,2823768,115153,266350,979998,766728,213270,195631,5121,66994,103.93281797067286,60.582739091880065,55.35876176796394,43.390462672570834
Assam,Nalbari,26.46323767605632,91.40598521126763,323,771639,23364,60216,267623,210202,57421,68313,1631,39368,105.42364488743002,68.91447943921963,35.96085734391341,63.70621495284712
Assam,Sonitpur,26.73514926829268,92.85197804878044,306,1924110,232207,109130,770606,537195,233411,133368,4358,49901,104.64770486467859,57.614793333021495,18.2180852446066,73.94712360519928
Assam,Tinsukia,27.53549291139241,95.69055949367085,309,1327929,82066,37688,557196,366623,190573,161718,5135,38152,105.02286559476792,60.11782256430879,3.6427399356441494,88.96160864022097
Bihar,Araria,26.211528119180603,87.30766554934816,209,2811569,38848,382654,1069893,708391,361502,43290,2561,39627,108.53685853218576,42.530274021373835,42.94548702165943,56.67742815488433
Bihar,Aurangabad,24.774291867469877,84.45986024096379,235,2540073,1033,612064,837770,599157,238613,44456,2362,91371,107.96593059213731,57.71495543632014,9.344337741474359,90.19949426650336
Bihar,Aurangabad,24.774291867469877,84.45986024096379,515,3701282,143366,539368,1575079,1015864,559215,589477,23258,253253,108.31015981985723,67.64783121091557,21.254176255686545,68.77179312465248
Bihar,Banka,24.832355642023337,86.8664916342413,225,2034763,90432,247858,771080,517817,253263,62359,1704,35767,110.28468732140513,47.44144649770023,12.331903027527039,87.11849979579931
Bihar,Begusarai,25.54302613168723,86.12560144032932,222,2970541,1597,432270,938182,715345,222837,120373,4644,101836,111.74575748049907,52.13437552284247,13.712922999547894,85.98871384034086
Bihar,Bhagalpur,25.277192885375477,87.04213814229242,224,3037766,67180,318569,983528,740056,243472,174534,6764,118843,113.61082847023036,51.78364627163514,17.68069034942125,81.89788153531246
Bihar,Bhojpur,25.50666439393939,84.49407803030304,231,2728407,13977,425402,822493,640283,182210,62153,3661,131137,110.19647511184283,58.61116028510409,7.250347913636052,92.29620067680519
Bihar,Buxar,25.48593018867924,84.08808081760995,232,1706352,26824,251737,538322,402180,136142,46760,1784,64117,108.50490300901177,58.00719898356259,6.178268024417002,93.26645381492213
Bihar,Darbhanga,26.146187719298258,85.97387352472099,215,3937385,2772,615688,1223640,947927,275713,127442,6280,129597,109.72139662816735,46.138084032930486,22.38734591613469,77.27791414860371
Bihar,Gaya,24.7266541547278,84.94291217765044,236,4391418,3098,1334351,1664062,1076170,587892,112617,6856,131163,106.6693586188591,52.32052608064184,11.115339054492193,88.2720569984456
Bihar,Gopalganj,26.44874364161851,84.34636127167629,217,2562012,60807,320064,728201,539586,188615,69375,3707,79109,97.93872735729087,53.98093373489273,17.020099827791597,82.71866017801635
Bihar,Jamui,24.78418380462726,86.26316298200514,238,1760405,78793,302649,727571,452288,275283,32633,1839,29633,108.49455374072798,48.77218594584769,12.36198488416018,86.67016964846157
Bihar,Jehanabad,25.155679045643165,84.9208124481328,239,1125313,1285,222974,365378,266423,98955,27641,1106,45519,108.4951577730388,54.99634323961422,6.730749578117377,92.87344943140265
Bihar,Katihar,25.56565356037151,87.70466083591326,212,3071029,179971,263100,1013566,760522,253044,60900,2941,57114,108.82844337579449,41.68602771253544,44.4686455256528,54.854219872231745
Bihar,Khagaria,25.53558891454964,86.56593256351037,223,1666886,675,247161,560805,398216,162589,40641,1580,38697,112.85736176733494,46.07561644887533,10.53389373958387,89.20760027980317
Bihar,Kishanganj,26.324336758321294,87.95045007235886,210,1690400,64224,113118,529064,421192,107872,58718,1093,15386,105.28763829347972,44.07572172266919,67.97769758637008,31.42664458116422
Bihar,Lakhisarai,25.183449321266963,86.12825701357468,227,1000912,8333,153209,326576,240494,86082,44491,1186,27261,110.91057743163768,50.68077912943396,4.084874594369935,95.55245615998209
Bihar,Madhepura,25.77341929460581,86.8978443983403,213,2001762,12532,346275,777546,496046,281500,23236,1397,44955,109.78366238630564,41.692119242946966,12.077359845975694,87.61426183532308
Bihar,Madhubani,26.41380538172716,86.16328360450552,207,4487379,3990,587158,1636938,1105947,530991,113281,5319,137780,107.93520680090414,48.03111125670464,18.24922744435003,81.3875538482486
Bihar,Munger,25.198537962962963,86.54173672839504,226,1367765,21404,183846,426658,327453,99205,90461,2653,64469,114.14022332024474,58.62242417374329,8.072731792376613,91.55951497516021
Bihar,Muzaffarpur,26.18664417177915,85.32745092024543,216,4801062,5979,751975,1547586,1195308,352278,180651,10290,138916,111.16889114672333,52.264103233826184,15.528772592397267,83.99751971542962
Bihar,Nalanda,25.229345508982053,85.48053113772461,229,2877653,1442,607672,1045420,703405,342015,101378,4156,133032,108.43601264094487,52.818494794195125,6.8817539849314695,92.77612693399794
Bihar,Nawada,24.825708836206903,85.61594568965519,237,2219146,2045,565112,817041,539439,277602,31162,1841,64585,106.53247437360281,49.163597167559054,11.01297526165471,88.53045270568047
Bihar,Pashchim Champaran,27.16064352201258,84.30265911949685,203,3935042,250046,553944,1478947,999282,479665,57546,3495,70669,109.98851612545172,44.713144103671574,21.984263446235136,77.44331572572796
Bihar,Patna,25.40297114503818,85.3198433587787,230,5838465,9069,920918,1881886,1436411,445475,546859,40692,452340,111.54218930539759,59.25665393215511,7.5354052820390285,91.73772558369366
Bihar,Purba Champaran,26.68129336734693,85.00382155612242,204,5099371,12461,649726,1737539,1260774,476765,74979,7719,68781,110.87797260894845,44.65172273207813,19.421003100186276,80.13641290268937
Bihar,Purnia,25.81714801901739,87.40447606973065,211,3264619,139490,390991,1143318,803275,340043,86058,4170,59996,108.56866862716413,40.81107167482637,38.462099252623354,60.93881093015755
Bihar,Rohtas,24.99170460829495,83.9350762672811,234,2959918,31650,549546,924879,707939,216940,114893,4594,161555,108.97885583730829,60.806819648382145,10.151869072048617,89.37460429647037
Bihar,Saharsa,25.821270696721303,86.54670819672135,214,1900661,6009,317249,649898,456724,193174,41342,1668,47051,110.36949065122133,42.35347597493714,14.027751398066252,85.72038885419335
Bihar,Samastipur,25.793205563909765,85.94833323308269,221,4261566,1884,803128,1343400,1037576,305824,88021,5379,129933,109.76784869580712,50.28386278659066,10.61511190956564,89.18313127146217
Bihar,Saran,25.89656077844312,84.82266287425155,219,3951862,36786,474066,1040231,857660,182571,94787,4509,148065,104.86148298558713,54.59335371528662,10.284999830459666,89.44573469417708
Bihar,Sheikhpura,25.12472436548223,85.77839390862943,228,636342,617,131115,224655,151569,73086,20065,631,19676,107.54862214162473,51.65084184290837,5.917101181440168,93.67635642468987
Bihar,Sheohar,26.458380748663107,85.29539411764709,205,656246,318,96655,216372,166693,49679,10004,478,10091,111.98424927238486,43.23043492836528,15.137920840660362,84.18977029955231
Bihar,Sitamarhi,26.56570069686413,85.61172491289203,206,3423574,2989,405714,1114583,865929,248654,66263,3460,70549,111.28973130032178,41.96766303284229,21.617788895464212,78.05617755012744
Bihar,Siwan,26.1736372013652,84.33766552901022,218,3330464,87000,386685,932416,730396,202020,52935,3834,119164,101.19102994247827,57.95513778260326,18.26418180770007,81.44916143816597
Bihar,Supaul,26.28157893772896,86.78496465201461,208,2229076,10168,354249,877682,551718,325964,51028,1845,45726,107.58898595911874,46.35476762568885,18.359670105460737,81.19669315895915
Bihar,Vaishali,25.8134703180212,85.39247597173153,220,3495021,2274,738031,1060344,858648,201696,70001,4810,124448,111.75708245934834,55.12813799974307,9.55587963563023,90.19533788208997
Chandigarh,Chandigarh,30.7426,76.75872465753424,55,1055450,0,199086,404136,328159,75977,231204,44283,174528,122.29968385823537,76.31228385996495,4.87441375716519,80.7782462456772
Chhattisgarh,Bastar,19.393866751269048,81.52895126903546,414,1413199,931780,37963,726531,404364,322167,157646,1782,32895,97.72985482264185,46.05600485140451,0.8783617876887827,90.43135467828664
Chhattisgarh,Bilaspur,22.356942982456143,81.99770350877188,30,381956,10693,98989,205871,111543,94328,79146,1574,25474,101.8880290921392,75.3018672307805,1.8284828619003237,97.38634816575731
Chhattisgarh,Bilaspur,22.356942982456143,81.99770350877188,406,2663629,498469,552992,1203197,715467,487730,519704,8566,134637,103.01199263750375,59.939278330428145,2.176466767706764,95.38727052453626
Chhattisgarh,Dhamtari,20.554912627291245,81.7569195519348,412,799781,207633,58581,402895,226382,176513,148926,1016,31319,99.0079226841576,68.37284206551544,1.303481828150456,97.17510168408602
Chhattisgarh,Durg,21.194463849287164,81.33181639511197,409,3343872,397416,458040,1496805,921729,575076,614109,16141,202424,101.22339359634991,68.88355774383709,2.497075246899403,93.59643550949318
Chhattisgarh,Jashpur,22.77286167664669,83.8703962075848,402,851669,530378,48844,487360,263645,223715,76783,567,26161,99.49053925541433,58.16989933882765,1.800699567555001,73.91474857016047
Chhattisgarh,Korba,22.491712499999995,82.57604326923074,404,1206640,493559,124679,521186,333329,187857,202380,4544,61215,103.23213608994062,62.05322217065571,2.5024033680302327,93.9116886561029
Chhattisgarh,Koriya,23.50412776859501,82.12515636363635,400,658917,304280,54776,307071,185483,121588,80023,1667,26802,103.2565241532482,60.375282471085136,3.927353521004922,91.70487329967204
Chhattisgarh,Mahasamund,21.223727037773354,82.65925427435384,411,1032754,279896,139581,499260,291858,207402,212487,961,33357,98.30640933817473,61.772987565286606,1.217133993187148,97.60901434417102
Chhattisgarh,Raigarh,22.008265068493166,83.27797698630134,403,1493984,505609,224942,690167,429211,260956,297308,3342,66358,100.88368253046231,63.6980717330306,1.1601195193522822,95.24774027031079
Chhattisgarh,Raigarh,22.008265068493166,83.27797698630134,520,2634200,305125,134952,1072969,753843,319126,547206,38570,204507,104.22450585530932,73.64642016551515,8.635069470807077,85.01138865689774
Chhattisgarh,Raipur,20.88603153846152,82.20032759615388,410,4063872,476446,724250,1757664,1099964,657700,728556,20261,227382,101.61235430518445,64.71042887177549,2.535463715392611,95.511989550852
Chhattisgarh,Surguja,23.32719278728607,83.23582493887531,401,2359886,1300628,115652,1155807,649888,505919,253131,2737,64607,102.26028213244061,50.33891467638691,3.451098909015096,90.09736063521713
Daman and Diu,Daman,20.431616666666677,72.8392366071429,495,191173,15240,4262,105521,94502,11019,49249,1316,9128,187.4176865020898,78.64499693994445,8.414891224179147,89.72867507440905
Daman and Diu,Junagadh,20.72568199498111,70.83985639899612,479,2743082,55571,265793,1123709,801859,321850,498326,6628,139957,104.90242215359977,67.18056550988997,12.207363833819041,87.38550287596215
Goa,North Goa,15.548723418714054,73.80667997909038,585,818008,56606,17606,327658,239125,88533,173951,23440,86781,103.82377638408198,81.05788696443066,7.083182560561754,76.06441501794603
Goa,South Goa,15.195278658183785,73.941792596877,586,640537,92669,7843,249590,180411,69179,138810,17624,57460,101.37986757798501,78.43840402662141,9.93275954394516,53.340244201349805
Gujarat,Ahmadabad,22.605425564971743,72.23898135593227,474,7214225,89138,759483,2594952,2127547,467405,1456046,126341,839295,110.56213140371737,75.34780243200066,12.243006005496087,83.75696627149833
Gujarat,Amreli,21.04832649310872,71.43457637825426,480,1514190,7322,132915,657139,453642,203497,273331,2538,50999,103.75541115346884,65.74201388200952,6.545083509995443,93.14967078107767
Gujarat,Anand,22.282718206229863,72.57782051557454,482,2092745,24824,104465,844794,627561,217233,378310,9902,110351,108.12543944880315,74.12527565470232,11.98994621896122,85.95380708113028
Gujarat,Banas Kantha,24.258538965517253,71.93205252873561,469,3120506,284155,327460,1248600,836268,412332,396873,3424,66950,106.63864694823681,54.63610709288814,6.841999342414338,92.62295922520258
Gujarat,Bharuch,21.75787276237761,72.67326346710801,488,1551019,488194,62235,627124,468919,158205,309091,10257,74380,108.10331780516078,72.09943914291186,22.147439844386174,76.607959025647
Gujarat,Bhavnagar,21.70219390341736,72.16272632761141,481,2880365,9110,157034,1150632,838781,311851,500757,7297,93391,107.1960574435822,65.52138357465113,7.390139791311171,91.39723611417303
Gujarat,Gandhinagar,23.193679790026252,72.67221679790026,473,1391753,18204,108608,534976,408075,126901,262539,12107,108400,108.38088364982804,74.04287973512541,4.115169861318782,94.81466898221164
Gujarat,Jamnagar,22.410600414263328,69.62062005768233,477,2160119,24187,173895,847440,646822,200618,386538,11573,87523,106.5267461304661,64.65079007221361,14.851265138633565,83.81218812482089
Gujarat,Junagadh,20.929523011609785,70.54733890140345,479,2743082,55571,265793,1123709,801859,321850,498326,6628,139957,104.90242215359977,67.18056550988997,12.207363833819041,87.38550287596215
Gujarat,Kachchh,23.48057203301311,68.82192301497916,468,2092371,24228,258859,776228,624704,151524,403294,9631,60386,110.15463513700819,59.851670664523645,21.14132723116503,76.89463293077566
Gujarat,Kheda,22.88765312500002,73.018803515625,483,2299885,40336,115631,933983,674586,259397,372226,5710,84223,106.4235952171954,72.18808766525284,11.499792380923395,86.99930648706349
Gujarat,Mahesana,23.529355452865065,72.45545194085031,471,2035064,9392,162288,812064,588699,223365,385609,7759,130723,107.9685737176867,73.83772697074883,6.704015205418601,92.66204895767406
Gujarat,Narmada,21.70666386292833,73.68403208722742,487,590297,481392,8733,294795,174282,120513,101940,576,14748,104.10599873448795,62.73723227460075,3.82858120573203,94.84174915339227
Gujarat,Navsari,20.866973318871995,72.86184869848157,490,1329672,639659,35464,591834,407881,183953,267679,6726,85041,104.09174421763696,75.35008633708162,5.916421493420934,92.13452640952055
Gujarat,Panch Mahals,22.80435606837605,73.61984598290586,484,2390776,721604,100446,1097507,673565,423942,398937,3456,71810,105.4257764335397,60.26516076788457,6.630190364969366,92.897619852299
Gujarat,Patan,23.80634198473284,71.75162977099237,470,1343734,13303,123408,554830,383074,171756,223424,2231,46355,106.93938586589088,62.3570587631183,10.626880022385384,88.91231449081441
Gujarat,Porbandar,21.55092351651571,69.71896987722886,478,585449,13039,51830,231169,174118,57051,117040,1653,22458,105.24786145000702,67.24377358232742,5.733206479129693,93.90211615358469
Gujarat,Rajkot,22.40603377715488,70.83679439383323,476,3804558,24017,290169,1479050,1159480,319570,747352,21785,266295,107.88650755445155,71.62608639426709,9.498816945358698,89.29831007964657
Gujarat,Sabar Kantha,23.71803594548552,73.13638790459964,472,2428589,542156,187685,1084878,681435,403443,438606,5262,110817,105.05531266728471,65.00622377849854,6.11725573985553,93.08120888301808
Gujarat,Surat,21.25761372772093,72.93488716344339,492,6081322,856952,158115,2553542,2142819,410723,1252452,55694,379505,126.99139785106779,75.17131965714033,10.865597973598504,86.49752471584303
Gujarat,Surendranagar,22.82672007299272,71.48358740875906,475,1756268,21453,179461,723500,504038,219462,302068,2975,58389,107.51059548579727,62.269881362070024,6.245117487763826,92.25710426882458
Gujarat,The Dangs,20.801633877551023,73.6883518367347,489,228291,216073,992,118257,61329,56928,29794,137,3490,99.43303922425089,61.749258621671466,1.5738684398421312,89.16032607505333
Gujarat,Vadodara,22.26133739279589,73.49433010291594,486,4165626,1149901,221629,1693473,1233312,460161,798277,53606,314960,107.05038545844951,69.45126614823319,9.232201834730242,89.1568518153094
Gujarat,Valsad,20.44238231644259,72.9148584798345,491,1705678,902794,38237,743245,516188,227057,329218,11020,90912,108.40191775733821,68.63294244282918,5.512998350216161,92.11275516246326
Haryana,Ambala,30.3503672316384,76.94970310734456,70,1128350,0,296246,372139,320120,52019,199681,12899,91472,113.03811784075053,72.49745203172775,1.9624230070456863,84.64536712899367
Haryana,Bhiwani,28.728868064516128,76.02110225806452,81,1634445,0,341162,623006,430678,192328,266244,5292,104875,112.88128131622237,65.45775477302693,0.9492518867260753,98.56746479691884
Haryana,Faridabad,28.14873109756098,77.32718536585368,88,1809733,0,223799,579229,476933,102296,333171,43437,259933,114.51916318070987,70.32744609287668,8.933914560877213,87.77024014039641
Haryana,Fatehabad,29.57298318584072,75.54608716814157,78,942011,0,284357,369083,263498,105585,153301,3210,37741,110.90538250222208,59.19017930788494,0.8874630975646782,82.72122087746322
Haryana,Gurgaon,28.043894789579163,77.01935130260523,86,1514432,0,197937,544716,432456,112260,305751,67087,233402,117.04756199282829,73.3684972319655,4.677793390525293,93.02504173181761
Haryana,Hisar,29.23628731117825,75.84324682779452,80,1743931,0,408785,691621,488321,203300,285004,10132,105346,114.67227331422052,63.89650737328484,1.2414481994987185,97.54176053983787
Haryana,Jhajjar,28.59651868131869,76.61137142857145,83,958405,0,170448,326534,250020,76514,168558,5034,58826,115.98443225506942,70.5433506711672,0.8604921718897544,98.6736296242194
Haryana,Jind,29.45149821958457,76.29598575667653,77,1334152,0,282351,523422,368277,155145,222462,5263,64599,114.78879361695962,62.41852502563427,1.7251407635711673,95.69142046783276
Haryana,Kaithal,29.96068539094649,76.37698930041155,73,1074304,0,247513,373899,292696,81203,187349,3724,51043,113.45159258574888,60.18119638389133,0.7662635529608007,90.71175384248778
Haryana,Karnal,29.703200647249204,76.87488025889972,74,1505324,0,339604,516062,411646,104416,267223,11163,101387,112.73296665404204,64.97026553751883,2.102537393943098,89.08394471887779
Haryana,Kurukshetra,30.05652659846548,76.78774680306903,72,964655,0,215128,336780,268556,68224,171908,7356,71007,112.6294141893277,67.05951868802836,1.6555141475449773,83.46766460548072
Haryana,Mahendragarh,28.1352161458333,76.14018072916659,84,922088,0,156314,338584,232935,105649,135455,2624,60296,111.7683264319983,68.35085154562255,0.6138242770755069,99.04163160132222
Haryana,Panchkula,30.700897142857134,76.97173238095236,69,561293,0,101830,211479,164865,46614,103455,18615,83256,114.55006230553411,72.2114831291322,4.178031794446039,87.42350252007418
Haryana,Panipat,29.34352134146342,76.92895914634147,75,1205437,0,206213,412318,328667,83651,209965,10024,75774,115.80382398224067,65.25426048810515,7.1859416958331295,89.9205848169585
Haryana,Rewari,28.19164714828897,76.55956007604564,85,900332,0,182606,337727,235326,102401,152651,5121,65143,111.34702826545725,70.74579155244955,0.6345437016567222,98.7561255181422
Haryana,Rohtak,28.892517647058817,76.53123235294117,82,1061204,0,216889,345967,272646,73321,193120,8482,100346,115.37449895986605,70.44658708410448,0.7712937380560194,98.36817426244153
Haryana,Sirsa,29.63583446327684,74.90970480225988,79,1295189,0,387381,502003,369462,132541,215527,6287,61620,111.422494356088,60.446544867196984,0.7353366960343239,72.5959686192517
Himachal Pradesh,Bilaspur,31.3780422907489,76.65316079295157,30,381956,10693,98989,205871,111543,94328,79146,1574,25474,101.8880290921392,75.3018672307805,1.8284828619003237,97.38634816575731
Himachal Pradesh,Bilaspur,31.3780422907489,76.65316079295157,406,2663629,498469,552992,1203197,715467,487730,519704,8566,134637,103.01199263750375,59.939278330428145,2.176466767706764,95.38727052453626
Himachal Pradesh,Chamba,32.66741814595661,76.39354063116366,23,519080,135500,111690,294035,158791,135244,96082,1615,15506,101.38112973308505,62.3876859058334,6.252408106650227,92.42929798874933
Himachal Pradesh,Hamirpur,31.67668481012659,76.49767088607594,28,454768,3044,109256,241931,118724,123207,104120,2521,35620,91.32176122643017,78.74146817718045,0.8160204763747668,98.8222566231573
Himachal Pradesh,Hamirpur,31.67668481012659,76.49767088607594,168,1104285,474,241198,443655,308527,135128,55929,1196,59612,116.20936352173675,59.16036168199332,8.264985941129328,91.46316394771277
Himachal Pradesh,Kangra,32.14093603238864,76.41205910931173,24,1510075,84564,319385,675170,403756,271414,330081,8053,91236,98.82907342353494,76.32998361008559,1.31099448702879,96.75943247851929
Himachal Pradesh,Kinnaur,31.60667184065933,78.51613736263741,34,84121,48746,14750,56273,33863,22410,17865,354,5118,122.11924376848332,72.15677417054005,0.5325661844248166,76.95105859416792
Himachal Pradesh,Kullu,31.90911922077925,77.40922649350647,26,437903,16822,122659,269084,148829,120255,91322,2623,23168,106.11952873839144,70.26030878984615,0.6791458382335814,94.9226198496014
Himachal Pradesh,Mandi,31.635805940594054,76.96556930693067,27,999777,12787,293739,572671,297464,275207,214491,5333,54139,99.2730889434576,72.39084315802424,0.946211005054127,98.16309036915231
Himachal Pradesh,Shimla,31.155725451807253,77.62573042168668,33,814010,8755,215777,430926,258628,172298,172754,9177,80414,109.27267071324083,75.26222036584316,1.4508421272465941,97.22841242736577
Himachal Pradesh,Sirmaur,30.682764453961443,77.43184689507493,32,529855,11262,160745,280083,169399,110684,91509,2220,23352,108.96137494774536,68.44230968849968,6.268696152721027,89.99254513027148
Himachal Pradesh,Solan,31.03864311926604,76.94442140672783,31,580320,25645,164536,298737,190001,108736,119866,5250,36803,113.69390866308741,73.85201268265784,2.529294182519989,94.53043148607665
Himachal Pradesh,Una,31.58330388349513,76.18353932038836,29,521173,8601,115491,215346,141612,73734,105929,2412,32120,102.41221682376565,76.69526241766171,2.7390137248092286,92.1264148372997
Jammu and Kashmir,Doda,33.359614675767915,76.07163720136518,16,409936,39216,53408,151912,101144,50768,61831,596,12647,108.8366998649991,53.443220405136415,53.81669333749658,45.768363842160724
Jammu and Kashmir,Jammu,32.713199095022645,74.8477520361991,21,1529958,69193,377991,508622,417456,91166,294739,19905,146501,113.64040679367216,74.32458930245144,7.025617696694941,84.26636548192826
Jammu and Kashmir,Kargil,33.565994894894914,76.63675315315312,4,140802,122336,18,51873,39839,12034,15824,235,3077,123.43494612564862,61.246289115211425,76.87319782389454,7.344355904035455
Jammu and Kashmir,Kathua,32.51781678321678,75.58901398601404,7,616435,53307,141224,200431,161548,38883,109422,1443,24330,112.32511039314426,63.1378815284661,10.420238954634309,87.61069699157251
Jammu and Kashmir,Pulwama,33.88414418604652,75.00921860465118,12,560440,22607,402,188420,138428,49992,73629,1537,31286,109.60744419843218,52.451288273499394,95.4890800085647,2.4694882592248946
Jammu and Kashmir,Punch,33.791241290322574,74.29593161290322,5,476835,176101,556,161393,117677,43716,62900,346,13962,111.9869651812071,54.88774943114495,90.44617110740613,6.837585328258203
Jammu and Kashmir,Srinagar,34.27312898550724,75.11021159420288,10,1236829,8935,1068,407188,333151,74037,165403,16413,121856,111.16927463484177,60.52445406761969,95.19036180425911,3.439440698754638
Jammu and Kashmir,Udhampur,33.04770670731707,75.15286951219511,19,554985,56309,138569,243672,163845,79827,73999,1214,17345,114.9430095158423,58.083371622656465,10.769840626323234,88.11841761489049
Jharkhand,Bokaro,23.6814965034965,85.98398374125864,355,2062330,255626,299227,685368,507677,177691,274726,9754,116396,108.41658051404566,61.75151406418953,11.707680148181911,79.35005551972769
Jharkhand,Chatra,24.11619945750453,84.93295804701627,347,1042886,45563,340553,397690,251213,146477,27037,590,21697,104.9089205051174,48.908605542695945,11.191060192580972,86.60380904528395
Jharkhand,Deoghar,24.33070100755672,86.75697632241814,350,1492073,180962,190036,551467,383691,167776,130193,1944,43979,108.08464112036663,53.18359088328788,20.282251605652,78.08867260516074
Jharkhand,Dhanbad,23.854509090909097,86.40372924901185,354,2684487,233119,437309,844504,658851,185653,427173,11568,107382,109.96651625967615,64.15393332133849,16.08359437017203,80.07041941346708
Jharkhand,Dumka,24.275006125574265,87.27662450229711,362,1321442,571077,79614,624779,367108,257671,62110,1193,25593,102.38709321701627,50.88448830898366,8.086998899686858,79.0595425300543
Jharkhand,Garhwa,24.082114689265527,83.68664265536722,346,1322784,205874,319946,571431,335451,235980,29373,565,28144,106.94076585279619,49.4015651837337,14.717444420253042,83.49624730870649
Jharkhand,Giridih,24.30578509874329,86.08710915619386,349,2445474,238188,325493,1036277,623946,412331,125431,1944,55122,105.9561587904758,51.256934238515726,20.797031577518304,75.90356716121292
Jharkhand,Godda,24.8189,87.2941735483871,351,1313551,279208,115567,552191,344019,208172,43230,874,30870,106.65534970359836,46.02173802159185,22.015285283936446,71.34294747596401
Jharkhand,Gumla,23.078532948929148,84.55056787479396,366,1025213,706754,32459,487508,264774,222734,31687,831,23742,100.69828492452375,54.5954840603855,5.016420977884596,30.19499362571485
Jharkhand,Jamtara,23.97873318077801,86.95325080091534,363,791042,240489,72885,326631,214740,111891,49419,808,14802,104.82066844116702,53.89246083014555,20.783472938225785,69.59933859390526
Jharkhand,Latehar,23.72511185840708,84.48298743362837,359,726978,331096,154910,313379,180106,133273,38194,340,13956,103.45748253627083,48.23832358063105,9.602491409643758,65.07060736363411
Jharkhand,Lohardaga,23.488796043165483,84.6605169064748,356,461790,262734,15330,221332,121605,99727,28769,351,13847,101.51334651184104,56.239199636198265,20.574720110872907,24.33530392602698
Jharkhand,Pakur,24.57260428082189,87.69691969178076,353,900422,379054,28469,404584,234012,170572,31414,328,9822,101.09433380754464,39.19062395188034,35.86795969001202,45.548309570401436
Jharkhand,Palamu,24.196925968109337,84.20310842824594,358,1939869,181208,536382,713175,473042,240133,68238,2155,63595,107.79108516046519,52.81609222066026,12.28407691447206,86.76714767852881
Jharkhand,Ranchi,23.184235061391547,85.31781937244203,364,2914253,1042016,152943,1142867,743967,398900,350908,22538,195181,105.32798897497105,65.58912352496506,14.094829790001073,55.32254749330274
Jharkhand,Sahibganj,24.93667989690721,87.68264097938142,352,1150567,308343,72341,490202,295690,194512,34879,591,19832,105.02783440489259,42.00216067382429,34.61276049113176,54.585608660773346
Jharkhand,Simdega,22.608760391198054,84.59193691931536,367,599578,424407,44674,288645,159867,128778,16865,423,13674,100.34751344108477,57.28745884605506,2.5189383199516993,33.6109730510459
Karnataka,Bagalkot,16.15860676328503,75.64526070853468,556,1889752,97203,319149,818081,511575,306506,301389,3745,82319,101.1142553379429,58.9184189248113,11.641262980539246,86.4784902992562
Karnataka,Bangalore Rural,12.936827087794448,77.47369314775169,583,990923,52903,213700,459891,315499,144392,214253,3729,51015,105.69194459378393,69.50580418458347,9.309704184886213,89.85854602224391
Karnataka,Belgaum,16.16107219152853,74.72329042357275,555,4779661,297198,577418,2105668,1372422,733246,808827,17560,201884,102.82037920765444,63.85457043920061,11.055428407997974,84.4899042003188
Karnataka,Bellary,15.074377548209377,76.47228471074374,565,2452595,451406,517409,1116880,703258,413622,440374,9626,89475,101.7532314227638,57.96395246667305,13.08140969055225,85.77172341948018
Karnataka,Bidar,17.950361730769224,77.19459961538459,558,1703300,235822,399785,702608,459050,243558,271439,3971,54900,104.56742750424857,61.21487700346386,19.678506428697233,75.71825280338167
Karnataka,Bijapur,16.84015316666667,75.95909166666665,417,255230,204189,10122,134525,71591,62934,12516,117,3421,101.65603988401399,34.05516592877013,0.6335462132194492,96.05101281197351
Karnataka,Bijapur,16.84015316666667,75.95909166666665,557,2177331,39314,442773,927722,580111,347611,326594,4987,96990,104.19324979907326,57.330190035414915,16.974359892914766,82.06515224373327
Karnataka,Chikmagalur,13.425288289676422,75.67626502311249,570,1137961,44970,253651,565774,357889,207885,238505,4510,72420,99.1743955865082,71.91327295047897,8.896174824972034,88.2765753835149
Karnataka,Chitradurga,14.29102220394736,76.57821957236843,566,1659456,302554,389117,856587,513311,343276,307257,5711,75262,102.71556889519225,65.52701608237881,7.758626923521924,91.62960632882101
Karnataka,Davanagere,14.330414586709884,75.91723841166937,567,1945497,233112,392595,875207,585639,289568,372671,7320,123863,102.84674021501475,67.25993409396159,13.662575681175557,85.24634065228577
Karnataka,Dharwad,15.343831376975173,75.13831264108359,562,1847023,87548,177855,784833,543776,241057,347962,15013,137768,103.01038560501728,70.47362160622797,20.94364823827316,75.25731948113261
Karnataka,Gadag,15.507128256880746,75.64861302752298,561,1064570,61654,174196,495722,310412,185310,198064,3373,42053,101.84368144733924,65.77087462543562,13.495120095437594,85.26916971171458
Karnataka,Gulbarga,17.070459515951594,76.87503850385033,579,2566326,65259,648782,1087028,680001,407027,404767,9752,104256,102.94044383431218,55.61912243417243,19.99453693724024,78.36159552605554
Karnataka,Hassan,12.945098749999998,76.11049549999997,574,1776421,32329,345031,903580,560452,343128,400702,4851,103152,98.9821384166299,68.9732895524203,6.755774672783085,91.80335066968922
Karnataka,Haveri,14.737582809224318,75.3961230607966,564,1597668,141380,219976,730066,490731,239335,295937,2456,55310,105.21334806175662,67.93920889696733,18.64761640090432,80.23431651632254
Karnataka,Kodagu,12.39684468085106,75.79336595744688,576,554519,58054,73584,278938,172100,106838,113931,3308,43225,98.1054692384365,74.4567814628534,15.738685238918777,80.9685511226847
Karnataka,Kolar,13.312799881235172,78.01376947743476,581,1536401,78875,465867,717872,454048,263824,309494,5051,71422,102.1566963375241,66.14282339050807,13.009168830272827,84.96681530407751
Karnataka,Koppal,15.651253271028034,76.1617048598131,560,1389920,164271,258608,654766,387974,266792,223166,2135,43967,101.43943280666208,58.210904224703576,11.63879935535858,87.63266950615862
Karnataka,Mandya,12.574901806239744,76.81570098522172,573,1805769,22402,265294,871408,575203,296205,391033,3367,102838,100.48862864223192,63.66534146947921,4.308469134202658,94.84574162032906
Karnataka,Mysore,12.248100259403367,76.52881802853437,577,3001127,334547,536643,1314268,921803,392465,640868,28397,212541,101.48187981822419,65.38143837298455,9.68132971380418,87.69988740896336
Karnataka,Raichur,16.050795353982295,76.87368606194688,559,1928812,367071,400933,903413,530373,373040,314547,5200,50463,100.02177743256514,50.79650064391967,14.103085215147976,84.71857288320479
Karnataka,Shimoga,14.063845885634592,75.17882078103197,568,1752753,65412,308158,780598,534487,246111,363835,8791,111753,100.23727977078569,72.058983781514,13.388309704790121,84.4057320112988
Karnataka,Tumkur,13.592467760074973,77.02297966260545,571,2678980,209559,506901,1354646,837512,517134,562769,7971,143735,101.6718032258696,67.68960574547029,9.179725119261809,90.10190445617361
Karnataka,Udupi,13.450404228534568,74.72009990316337,569,1177361,52897,75429,513241,335399,177842,224814,9070,107279,91.36924402256066,78.68691081155228,8.216681204830124,85.71534134390386
Kerala,Alappuzha,9.542602965599087,76.38010796263319,598,2127789,6574,201211,804471,536738,267733,507913,28842,198858,90.8935295210053,87.07616215705599,10.552973062648599,68.63683382139865
Kerala,Ernakulam,10.004879301987431,76.26957729035381,595,3282388,16559,268411,1249343,913249,336094,771287,88737,429880,97.39757076936863,86.99995247362591,15.671425803408981,45.98959659857397
Kerala,Idukki,9.80480963855423,77.04586641566264,596,1108974,55815,145486,516363,331710,184653,244844,8250,86136,99.39622342969545,83.23098647939446,7.4127977752408984,48.860838937612606
Kerala,Kannur,11.941523076923056,75.35209891725934,589,2523003,41371,83350,824116,609377,214739,511167,32653,217203,88.06528533636663,84.75748938863728,29.4285420984438,59.833143282033355
Kerala,Kasaragod,12.33310309912974,75.07768497134369,588,1307375,48857,53283,462998,325095,137903,237670,10378,76192,92.61169599948141,79.35687924275744,37.243560569844156,55.836083755617175
Kerala,Kollam,8.929388820570157,76.6360775852431,600,2635375,10761,328263,912025,644362,267663,630767,31542,233402,89.81285746902745,85.00775032016317,19.295166722003508,64.41720817720439
Kerala,Kottayam,9.643701174068417,76.46059673302705,597,1974551,21972,153909,735735,530322,205413,464039,37849,221350,96.22633071704983,88.61751355118201,6.406469116269978,49.81375512711497
Kerala,Kozhikode,11.392924270557026,75.71158720159153,591,3086293,15228,199191,948981,752333,196648,641660,36791,250117,91.06020920530584,84.74383345975252,39.24225600096945,56.2149478354777
Kerala,Malappuram,10.97329875666072,75.93910775606876,592,4112920,22990,308266,1062424,898157,164267,730119,27909,203779,91.06825631610636,80.51007556675063,70.23839510615329,27.602263112338676
Kerala,Palakkad,10.784926903553291,76.49980490693744,593,2809934,48972,403833,1042340,746121,296219,587583,27162,180540,93.72762772534982,79.69909613535407,28.930786274695418,66.76242217788744
Kerala,Thiruvananthapuram,8.537101759082221,76.88711502868073,601,3301427,26759,372977,1231669,864101,367568,783872,71621,381782,91.97144467012338,84.36981947503307,13.7187646432891,66.4578377774217
Kerala,Thrissur,10.458932647907687,76.12321940836945,594,3121200,9430,324350,1095727,789511,306216,721625,56148,338600,90.2663741429875,85.81789055491478,17.07160707420223,58.42118415993849
Kerala,Wayanad,11.715277464788736,76.07587007042254,590,817420,151443,32578,340077,228639,111438,149864,4712,51111,96.61997036580907,78.97837097208289,28.649286780357713,49.480071444300364
Madhya Pradesh,Anuppur,23.18184220430107,81.86560000000007,461,749237,358543,74385,346471,207401,139070,81338,1290,31646,102.42919245764246,58.27194866243926,2.8659823260196706,91.62975133369015
Madhya Pradesh,Ashoknagar,24.63098846153845,77.82974493927134,459,845071,82072,175764,315270,231829,83441,84720,619,22791,110.6179934900831,55.51119373401762,4.816991708388999,92.08859373946095
Madhya Pradesh,Balaghat,21.80020720640569,80.42170053380796,457,1701698,383026,125426,893014,488610,404404,277927,1712,74213,97.98236224869696,67.43987476038639,2.264914220972229,89.28634810642076
Madhya Pradesh,Barwani,21.702135714285724,74.91004719710673,441,1385881,962145,87991,653897,365928,287969,181139,1158,30754,101.86427321893376,39.68060749804636,4.201082199698242,95.16466420998628
Madhya Pradesh,Betul,21.964626315789477,77.7873428189117,447,1575362,667018,159296,786980,453887,333093,230974,2109,82761,102.97760930570551,59.654162027521295,2.386118238220803,95.58088871002347
Madhya Pradesh,Bhind,26.35951126187245,78.7618324287653,420,1703005,6131,374799,520768,455775,64993,107819,1166,50222,119.4136017996243,64.29323460588783,3.9210689340313154,93.68146306088356
Madhya Pradesh,Bhopal,23.480726143790854,77.39246623093679,444,2371061,69429,357516,867457,644960,222497,452912,40788,266618,108.91675352950972,70.03995257819179,22.160290266678082,74.0538096657994
Madhya Pradesh,Burhanpur,21.364567254408065,76.24460478589425,467,757847,230095,64254,328339,211925,116414,112420,986,28237,105.18786060653646,53.92632022030832,23.862336329100728,72.90732826018971
Madhya Pradesh,Chhatarpur,24.813637376460004,79.56449299191374,425,1762375,73597,405313,751797,481518,270279,176056,1880,59704,113.29700068017826,53.50921341939144,3.9918292077452304,95.15103198808426
Madhya Pradesh,Chhindwara,22.227966971713823,78.76413136439254,455,2090922,769778,232244,957984,582263,375721,344875,3588,112383,103.70342947662536,61.89604394616346,4.81567461626976,92.0129971371481
Madhya Pradesh,Damoh,23.76624407960196,79.47049303482588,428,1264219,166295,246337,574595,367711,206884,187731,1432,41158,109.8825259900456,59.1444203891889,3.7941211135096053,93.84608204749335
Madhya Pradesh,Datia,25.90226439560441,78.63916571428574,422,786754,15061,200270,321160,225662,95498,97696,616,34853,114.61004863651367,62.46488737267304,3.620318422276849,95.03516982436696
Madhya Pradesh,Dewas,22.7851110021322,76.46088805970157,437,1563715,272701,292007,742676,451501,291175,270457,3518,55383,106.1980125429218,59.17759949862986,11.143910495198933,88.03336925206959
Madhya Pradesh,Dhar,22.572681718963157,75.1105620736698,438,2185793,1222814,145436,1027974,597079,430895,349639,2388,66721,103.69566513958108,49.28819883676084,5.316239918418624,93.84324133163571
Madhya Pradesh,Dindori,22.83738437047757,81.04332966714911,453,704524,455789,39782,389925,203383,186542,62372,554,15179,99.80204814937707,53.754591752729496,0.9561065343409166,85.93532654671807
Madhya Pradesh,Guna,24.49043927178156,77.2235895968791,458,1241519,190819,193115,514897,335454,179443,144248,2482,42147,109.66044478069162,52.67579473209834,3.963129037896319,94.42046396390228
Madhya Pradesh,Gwalior,26.04074441964285,78.12782433035713,421,2032036,72133,393068,685311,548820,136491,306859,15779,193947,115.78173299819797,66.79064740978998,6.975024064534289,90.31823255099812
Madhya Pradesh,Harda,22.227659781121783,77.07022571819435,448,570465,159678,92865,230979,156852,74127,95066,986,27126,106.96992674883086,61.80046102740746,6.773421682311797,92.46176364895304
Madhya Pradesh,Hoshangabad,22.595268801996703,78.02168094841929,449,1241350,197300,205007,478082,345435,132647,198076,2871,84769,109.46635730858469,65.3034196640754,4.210657751641358,94.67136585169372
Madhya Pradesh,Indore,22.680265752128648,75.9133801324502,439,3276697,217679,545239,1268195,939055,329140,593576,48691,382658,107.77118327024165,70.47127030665331,12.669526660536508,83.26143674560083
Madhya Pradesh,Jabalpur,23.18525572327043,79.98328754716981,451,2463289,375231,348029,1005624,705970,299654,452023,20443,235072,107.69529119038526,71.30580293258323,8.26748302777303,87.6496830051204
Madhya Pradesh,Jhabua,22.419578015397768,74.40921616766468,464,1025048,891818,17427,515121,265489,249632,125411,744,20240,100.97995196313907,34.34775737331325,1.5348549531339022,93.74439050659092
Madhya Pradesh,Katni,23.724416229116937,80.33819665871127,450,1292042,317699,155717,543874,348410,195464,172416,2179,53578,105.076591712445,61.20335097465872,2.8816400705240235,96.02242032379752
Madhya Pradesh,Mandla,22.70348712446353,80.38600543633753,454,1054905,610528,48425,559649,300235,259414,143803,912,35476,99.17659964541484,57.347533664168814,1.5696200131765419,80.5302847175812
Madhya Pradesh,Mandsaur,24.19278764044944,75.43588667736759,433,1340411,33092,249024,679723,397714,282009,239885,2324,52546,103.84618894093313,62.26381311403741,9.366380908542231,88.97181536110939
Madhya Pradesh,Morena,26.37313504531724,77.88447341389724,419,1965970,17030,421519,675993,525329,150664,131486,1781,71005,119.03664741803549,60.00523914403577,3.873863792428165,95.39794605207608
Madhya Pradesh,Neemuch,24.70311893333336,75.06608186666664,432,826067,71441,111162,418682,245708,172974,145258,1945,42343,104.76904619076184,61.59718279510016,8.14994425391645,89.737031015644
Madhya Pradesh,Panna,24.451325840092657,80.21133001158752,426,1016520,170879,207990,431998,275375,156623,76097,653,29795,110.44219940377609,54.35790737024357,3.464171880533585,95.8906858694369
Madhya Pradesh,Raisen,23.292518206521724,78.16305495923909,446,1331597,205006,225891,517838,370366,147472,194373,1141,48384,110.94973536172512,61.59671432122481,9.036592903108073,89.75951432753303
Madhya Pradesh,Rajgarh,23.785499026425583,76.66431223922116,442,1545814,53751,295718,745603,429768,315835,231130,1611,51499,104.58045373093243,52.0272814193687,6.917261714540042,92.75883126948003
Madhya Pradesh,Ratlam,23.503562290502792,75.14895782122909,434,1455069,409865,198612,690980,411446,279534,213825,3644,67192,102.98718800046873,56.75882037209232,10.38239423697433,87.07786366144836
Madhya Pradesh,Rewa,24.861184625158856,81.57572465057183,430,2365106,311985,383508,991946,617184,374762,251132,3406,122371,107.46434667887712,60.959508791572134,3.6114237585968665,95.92965389289105
Madhya Pradesh,Sagar,23.800318709677374,78.71940357771273,427,2378458,221936,501630,1006035,682077,323958,366494,4546,116753,111.94581006432894,64.98828232409402,4.350717986191053,92.42530244385227
Madhya Pradesh,Satna,24.62777621776502,80.75547048710598,429,2228935,319975,398569,911349,590487,320862,294702,3754,105499,108.0317143283805,61.54423525136444,2.6681352305024597,96.84548898913606
Madhya Pradesh,Sehore,22.9297199679658,77.06780202883085,445,1311332,145512,271281,586087,364559,221528,212138,1566,50655,108.94757556298788,59.509109821158944,10.522125594433751,88.73473689347931
Madhya Pradesh,Seoni,22.33230487804874,79.66053863928111,456,1379131,519856,130797,684434,394660,289774,228695,1182,55984,101.84807362437284,62.66221265420037,5.781829282352438,83.02706559420389
Madhya Pradesh,Shahdol,23.44859864559819,81.4596831828442,460,1066063,476008,89733,493057,292402,200655,113184,1733,46513,102.65739237551375,56.67526215617651,3.9796897556711,93.52852504964528
Madhya Pradesh,Shajapur,23.566620317220547,76.33555181268885,436,1512681,37836,353914,717871,431857,286014,232735,1382,48671,106.60496803298729,59.14082347831433,11.550617744256721,87.32859076037843
Madhya Pradesh,Sheopur,25.78014810996563,77.16911116838484,418,687861,161448,108391,277455,183788,93667,74770,273,17091,110.95048102135385,47.687686901859536,6.018076326467121,92.85335263955945
Madhya Pradesh,Shivpuri,25.37802451874367,77.74861600810549,423,1726050,227802,321515,759281,481001,278280,148128,1852,44812,114.08239328748348,52.19118797253846,2.966310361808754,95.52150864691058
Madhya Pradesh,Sidhi,24.17547189952905,82.1053783359498,462,1127033,313304,130202,461760,284289,177471,102228,837,33067,104.49828622026742,53.306779836970165,3.0539478435857688,95.60900168850424
Madhya Pradesh,Tikamgarh,25.14099852104666,78.89357064846428,424,1445166,67857,361604,655318,402776,252542,132725,1090,35034,111.03136485833318,51.75460812114318,3.0545279919400263,95.73121703665876
Madhya Pradesh,Ujjain,23.319288862745065,75.80383717647058,435,1986864,48730,523869,897442,569425,328017,323379,7501,111290,104.7099914998841,62.45973554304673,11.733717053608098,86.47818874366841
Madhya Pradesh,Umaria,23.59601063063061,80.90879477477475,431,644758,300687,58147,289691,175698,113993,67975,839,18144,105.28202646425797,55.318739744214106,2.4762779213286223,96.23998461438245
Madhya Pradesh,Vidisha,23.82838307984792,77.9013507604563,443,1458875,67603,292144,550402,401583,148819,181510,1926,59814,111.64372333372503,59.1495501670808,10.250912518207523,88.24546311370062
Maharashtra,Akola,20.746310479041902,77.12122320359276,501,1813906,100280,364059,768154,520362,247792,314490,6163,112574,105.75812298938713,77.80342531531403,19.69523227774758,61.073120657851064
Maharashtra,Amravati,21.16520991810736,77.67583503184723,503,2888445,404128,506374,1236322,837577,398745,512492,9438,203273,105.19231329346151,77.96149831483721,14.589510965242544,71.1516750362219
Maharashtra,Aurangabad,20.0979228832952,75.32072196796334,235,2540073,1033,612064,837770,599157,238613,44456,2362,91371,107.96593059213731,57.71495543632014,9.344337741474359,90.19949426650336
Maharashtra,Aurangabad,20.0979228832952,75.32072196796334,515,3701282,143366,539368,1575079,1015864,559215,589477,23258,253253,108.31015981985723,67.64783121091557,21.254176255686545,68.77179312465248
Maharashtra,Bhandara,21.211792649727748,80.10950199637024,506,1200334,88886,200372,597305,345054,252251,227025,2932,67061,101.79989038590216,74.9674673882436,2.207885471876994,84.08926182212618
Maharashtra,Bid,18.952353340080982,75.69319706477731,523,2585049,32722,351254,1255548,727819,527729,402052,5614,129996,109.15600476721015,66.4787011774245,12.394155778091633,84.12498177017147
Maharashtra,Buldana,20.56680611183355,76.39017880364096,500,2586258,124837,470895,1219641,734024,485617,423036,4767,113783,107.11637241350591,72.68702503771858,13.696854683484789,71.35498469216915
Maharashtra,Chandrapur,20.095609090909075,79.31556380471388,509,2204307,389441,348365,1058172,648565,409607,418666,8239,126488,104.01314979643175,71.61502458595831,4.187120940957861,80.75485855645334
Maharashtra,Dhule,21.274018690400517,74.58719071837263,498,2050862,647315,127571,936370,570448,365922,315332,6065,114931,105.73818430606592,63.09132452597981,9.162049908770069,89.00940190027413
Maharashtra,Gondiya,21.225008411214997,80.17522698598128,507,1322507,214253,175961,665419,383151,282268,239981,2866,57923,100.09092930964833,75.93479656440381,1.9778345218588635,87.24800700487786
Maharashtra,Hingoli,19.59525302245251,77.09239412780653,512,1177345,111954,182565,569182,330903,238279,159114,1221,38698,106.17160288660732,67.16323592489883,10.833867727811304,73.31742182622766
Maharashtra,Jalgaon,20.8828943415638,75.55140421810695,499,4229917,604367,389273,1863571,1186472,677099,720791,14297,229987,108.10867323443631,68.36734621506758,13.245200792355973,81.74191124790391
Maharashtra,Jalna,19.984612534818933,75.98473607242339,514,1959046,42263,272266,930886,545030,385856,288895,3791,64060,106.74354376918717,61.02577479038267,13.997680503673726,76.80478151100077
Maharashtra,Kolhapur,16.44881301587301,74.12897150793648,530,3876001,30206,504461,1704054,1125204,578850,770005,22269,335413,104.50129607147625,72.90619894060914,7.3931353474883,87.20085469534192
Maharashtra,Latur,18.348687268993856,76.75812607802874,524,2454196,57488,480913,1046857,670018,376839,381722,6217,153256,107.79675138181423,67.25917571375717,14.981036559427203,81.77765753020542
Maharashtra,Nagpur,21.196556862745105,79.02166176470584,505,4653570,437571,867713,1868560,1334211,534349,917626,57964,493236,105.13004745227774,78.94601349071789,8.401592755669302,75.04350423438349
Maharashtra,Nanded,19.209316983017,77.6829048951049,511,3361292,281695,640483,1493953,925232,568721,488748,7548,156225,106.06038313725274,65.13641183211693,14.040761707105482,74.42795805898447
Maharashtra,Nandurbar,21.523175625248147,74.32638757443429,497,1648295,1141933,47985,792065,442898,349167,186202,2579,58461,102.21377089403465,54.99676938897466,5.835241871145638,92.31466454730494
Maharashtra,Nashik,20.266912871287143,74.03824168316828,516,6107187,1564369,554687,2763328,1746286,1017042,904710,45039,373100,107.0232179582312,71.15167752354725,11.348137857904138,85.75157433364986
Maharashtra,Osmanabad,18.19459456066944,75.99495575313809,525,1657576,36039,265184,773916,473795,300121,240042,3209,96847,108.22746567073807,68.64300641418554,10.794376849085653,86.73044252571225
Maharashtra,Parbhani,19.31032425249168,76.70163338870431,513,1836086,40514,247308,822797,501422,321375,272486,3982,81333,105.55901372120518,63.058810970727954,16.685710800038777,72.34873529889123
Maharashtra,Pune,18.51696171428573,74.12922881632647,521,9429408,348876,1180703,4048993,2809816,1239177,1925019,235018,1086650,109.29575657841437,76.05698045943076,7.144711523777526,85.79811160997593
Maharashtra,Raigarh,18.453257637845976,73.0090609418579,403,1493984,505609,224942,690167,429211,260956,297308,3342,66358,100.88368253046231,63.6980717330306,1.1601195193522822,95.24774027031079
Maharashtra,Raigarh,18.453257637845976,73.0090609418579,520,2634200,305125,134952,1072969,753843,319126,547206,38570,204507,104.22450585530932,73.64642016551515,8.635069470807077,85.01138865689774
Maharashtra,Ratnagiri,17.210195070127703,73.25725893866404,528,1615069,20374,66948,714076,407008,307068,367352,7752,65700,89.1296659749774,74.26258568519364,11.59065030658133,80.93839953587121
Maharashtra,Sangli,17.154930181086502,74.70713822937628,531,2822143,18333,353093,1215104,800214,414890,485126,13212,214003,103.55687149951494,72.62094798172878,8.490250139698803,86.47017532421285
Maharashtra,Satara,17.6737908974359,74.18052064102558,527,3003741,29635,323236,1354947,844805,510142,562653,14093,243457,101.20188974605784,74.09740054152472,4.89289855550129,89.61997722173783
Maharashtra,Sindhudurg,16.170948049777163,73.51329008172343,529,849651,6976,55586,347178,229676,117502,194228,3517,48418,96.53334690355963,78.39301077736623,3.091151543398407,91.8475938944343
Maharashtra,Solapur,17.837357937584812,75.42394823609216,526,4317756,77592,649745,1898395,1206933,691462,595560,15145,236302,106.60068596452277,67.41177593175715,10.219521436598084,87.90269760495961
Maharashtra,Thane,19.698767747440264,72.79882742564581,517,11060148,1542451,730089,4492767,3363123,1129644,2231800,256170,961719,112.89699657559954,74.38563209099914,12.256888425001184,78.80595268707073
Maharashtra,Wardha,20.80743024390242,78.57259105691062,504,1300774,149507,188830,608235,392316,215919,266155,4313,93772,105.69206611753208,78.37318396585418,4.140150402760203,81.2666919849259
Maharashtra,Washim,20.282282394366213,77.25502394366208,502,1197160,80471,229462,569792,340353,229439,196022,1875,47865,107.53114284624638,72.66505730228207,11.917538173677704,71.83242006081059
Maharashtra,Yavatmal,20.04258346738159,78.05326371760479,510,2772348,514057,328518,1355999,815475,540524,446516,6094,123074,104.99725299711693,72.9552711275785,8.629363990379273,81.20917720286198
Manipur,Bishnupur,24.50712111801243,93.8246236024845,275,237399,3287,22113,109937,62807,47130,34364,676,20074,100.13910316396468,65.85242566312411,7.873242936996365,73.75852467786301
Manipur,Chandel,24.2635812987013,94.09443844155844,280,144182,128280,540,76238,42615,33623,18764,184,8105,107.14911713575563,62.630564148090606,2.1403503904787007,7.497468477341138
Manipur,Churachandpur,24.30309718875504,93.38671506024085,274,274143,254787,443,122655,70594,52061,29894,837,14523,102.58418746258951,71.4718230996232,1.0527352513104473,4.389679838624367
Manipur,Senapati,25.08465586034914,94.03366234413956,272,479148,419210,1000,233622,124143,109479,22798,256,24940,106.68521514073115,55.19735029677678,0.3441525374205882,9.148112900398207
Manipur,Tamenglong,24.98312942238265,93.49450740072204,273,140651,134626,22,70675,37237,33438,11541,125,7102,105.99150556531927,60.43753688206981,0.4187670190755843,2.129384078321519
Manipur,Thoubal,24.545392553191498,93.97959893617023,276,422168,1808,40593,195319,109377,85942,49507,880,28550,99.7738059747401,63.79071838699285,25.42186996645885,63.27954747872885
Manipur,Ukhrul,25.05900314960629,94.44129566929138,279,183998,173606,248,87929,46533,41396,14026,276,15636,106.09094982078852,70.56000608702269,0.6059848476613876,4.104935923216557
Meghalaya,East Garo Hills,25.82728228228228,90.64684924924916,294,317917,305180,509,126073,72262,53811,24550,288,2484,102.89034679055995,60.439359958731366,1.056565078306602,5.432864552697716
Meghalaya,East Khasi Hills,25.303763888888884,91.75922519841272,298,825922,661158,5642,326786,204303,122483,135941,5032,61639,98.9344201092075,69.98602773627533,1.7174745314932887,17.54826726979061
Meghalaya,Jaintia Hills,25.33959557069844,92.37608160136298,299,395124,376099,1317,154180,88839,65341,41677,510,8039,98.71554373136054,47.46029094663954,0.4165780868790557,3.1524280985209705
Meghalaya,South Garo Hills,25.240568578553614,90.64560349127176,295,142334,134237,319,53069,32826,20243,10940,179,826,105.79203053611705,57.654530892126964,0.7377014627566147,4.943302373290991
Meghalaya,West Garo Hills,25.495285185185185,90.03709947089942,293,643291,474009,8810,255693,151914,103779,51301,1630,10856,101.57521025782434,55.76045677617129,16.600263333390334,19.110480326943794
Meghalaya,West Khasi Hills,25.500889926739926,91.25364542124538,296,383461,375097,168,163345,89694,73651,32873,149,6450,102.09174369947192,60.15683472373984,0.3997798993900292,1.6945660706043117
Mizoram,Aizawl,23.90781335453101,92.85359459459472,283,400309,373542,627,174636,104643,69993,79804,4019,31310,99.12007122996036,85.08302336445097,1.3149841747250248,3.30969326195514
Mizoram,Champhai,23.54166580976866,93.24221799485862,284,125745,123466,17,60342,34129,26213,23948,186,4087,101.6533829401671,80.16382361127678,0.555886913992604,0.8549047675851922
Mizoram,Kolasib,24.2020004347826,92.73470391304348,282,83955,73609,84,36672,22733,13939,14853,367,2530,104.58366839681264,78.48847596926926,5.271871836102674,4.76445714966351
Mizoram,Lawngtlai,22.36102843137253,92.66964156862753,287,117894,112354,146,45566,28517,17049,9283,162,2515,105.76664630421502,53.31993146385736,0.4427706244592601,1.414830271260624
Mizoram,Lunglei,23.007717036172675,92.63512555425892,286,161428,153533,178,78292,46230,32062,26394,482,5509,105.54388377452666,75.03159303218773,0.7991178729836212,3.2404539485095523
Mizoram,Mamit,23.73852942502819,92.4330803833147,281,86364,82080,51,39339,24016,15323,12158,90,1771,107.92565485362096,69.69454865453199,2.063359733222176,3.460932796072438
Mizoram,Saiha,22.35744801061008,93.02827931034489,288,56574,54642,83,19461,12211,7250,7400,168,2204,102.19442458899212,74.650899706579,0.9085445611058084,1.6491674620850567
Mizoram,Serchhip,23.263864705882344,92.914158496732,285,64937,62889,32,32397,18261,14136,12315,131,2128,102.38421741569532,83.89054006190617,0.5158846266381262,1.526094522383233
Nagaland,Dimapur,25.814176811594223,93.75074057971014,265,378811,223989,0,151350,99645,51705,71413,3303,27532,108.80678216484674,73.39728782955089,8.23946506305255,28.74784523152707
Nagaland,Kohima,25.60311428571428,93.78600657596373,270,267988,224738,0,114825,68140,46685,50724,1928,23439,107.7072127234115,73.69322506977925,1.6358941445139334,9.513858829499828
Nagaland,Mokokchung,26.478911764705888,94.522426006192,262,194622,178431,0,100067,57084,42983,40154,537,10299,108.08510638297872,81.95065306080505,1.056920594794011,5.055954619724388
Nagaland,Mon,26.69207374301676,95.03072988826828,261,250260,238285,0,147654,79425,68229,14398,178,1772,111.17739880344621,47.80068728522337,1.3761687844641575,3.237433069607608
Nagaland,Phek,25.63272986577182,94.56814563758392,266,163418,157146,0,80277,41556,38721,36182,170,5926,105.10574207718857,64.79885936677722,0.5813313098924231,2.1802983759438987
Nagaland,Tuensang,26.21104453280316,94.85809880715708,267,196596,190916,0,98154,52931,45223,24998,155,2760,107.67987492473301,59.77283362835459,0.5351075301633808,1.5152902398828054
Nagaland,Wokha,26.202611551155112,94.1990815181518,264,166343,156621,0,78412,42096,36316,25268,198,8030,103.25887729416652,77.07447863751405,1.2281851355332056,3.369543653775632
Nagaland,Zunheboto,26.028178205128206,94.50026666666668,263,140757,136561,0,79466,41178,38288,28846,261,5560,102.41156169111304,73.09121393607423,0.5484629538850644,1.8329461412221062
Orissa,Baleshwar,21.48570932311624,87.08085828011933,377,2320529,275678,478586,932707,684020,248687,296834,7370,105962,104.49837936729229,69.8647592854905,4.061746265614436,94.70724132299144
Orissa,Bhadrak,20.95262735257214,86.81496204516931,378,1506337,30428,334896,468599,409559,59040,164636,2637,67536,101.90101021744404,72.635804604149,6.917575549163302,92.84396519503936
Orissa,Cuttack,20.407640646029623,85.7776810228802,381,2624470,93745,498633,936365,761876,174489,349587,15046,181601,106.3733083800552,76.64286503560719,5.382534378369728,93.64667913902616
Orissa,Dhenkanal,20.79887159353349,85.53226836027711,383,1192811,162056,234079,435533,340552,94981,117172,1810,43064,105.57979931680852,69.57598479557952,0.4028299537814457,99.39059918126173
Orissa,Gajapati,19.121080882352945,84.14015091911759,389,577817,313714,39175,293933,155907,138026,63112,635,12556,95.91333683693017,45.436011747664054,0.26928941169955195,61.11969706671836
Orissa,Ganjam,19.2632617564534,84.80297710437702,388,3529031,118928,688235,1501772,990027,511745,405298,9049,97147,101.68046528400463,62.62483950976912,0.3772990376111743,98.78232863355409
Orissa,Jharsuguda,21.827058566978184,83.93581682242987,371,579505,176758,104620,247707,172018,75689,81433,2498,22010,104.90603397981013,70.03891252016807,2.2058480944944394,95.52756231611461
Orissa,Kalahandi,19.784253092783523,83.1124043814433,395,1576869,449456,286580,751930,447290,304640,91171,1953,27385,99.66230589236332,50.86256372596583,0.3154986241723314,98.63641177548675
Orissa,Kandhamal,20.092878624813142,84.02216352765326,390,733110,392820,115544,355349,193515,161834,28736,768,14962,96.45733120737475,54.53288046814257,0.2916342704369058,79.15592475890385
Orissa,Kendrapara,20.606319815982264,86.83763247572003,379,1440361,9484,309780,466890,386382,80508,173107,1628,75926,99.34495610666157,75.62444414976524,3.488500452317162,96.280862922559
Orissa,Khordha,20.054162322274863,85.52234834123229,386,2251673,115051,297472,792193,645880,146313,349860,35701,247498,107.61625248032338,77.7171463174271,3.7332241404502344,95.37939123487291
Orissa,Koraput,18.82627794779476,82.81278469846964,398,1379647,697583,196540,693406,384053,309353,85766,3988,29000,96.85676290383797,41.17647485190052,0.641468433592071,93.80305251995618
Orissa,Malkangiri,18.25227930367506,81.98293636363628,399,613192,354614,138295,310666,170495,140171,24604,448,5585,98.07990489973125,39.906913332202635,0.3051246591605892,97.8843494370442
Orissa,Mayurbhanj,21.897621545157754,86.4030408052231,376,2519738,1479576,184682,1223534,697782,525752,140189,2950,72847,99.42130151757979,54.34680113567363,1.3376787586645913,83.8610601578418
Orissa,Nayagarh,20.192895622119817,85.05614700460825,385,962789,58691,136399,343633,284591,59042,124984,1163,33148,109.23236401805487,71.49666230087797,0.5481990342639976,99.26931030578871
Orissa,Nuapada,20.471309512195116,82.59152536585364,394,610382,206327,82159,305438,168155,137283,43976,757,10131,97.90610206860775,49.048464731921975,0.8112952216808491,98.4780023001989
Orissa,Puri,19.83509174603177,85.86698989898981,387,1698730,6129,325133,621676,498461,123215,201605,3416,87000,103.84352312953742,76.05322799974098,2.713438863150707,96.83145644098828
Orissa,Rayagada,19.292840020060204,83.45860120361095,396,967911,541905,139514,467122,258032,209090,61543,1553,17681,95.16262695306594,42.125257384201646,0.4759735140937545,90.34353365133778
Orissa,Sambalpur,21.515752380952385,84.34958483245157,372,1041099,355261,191827,505840,313161,192679,126498,5231,45828,102.46099933491762,67.59117048426711,1.9325731750774904,92.61251811787352
Orissa,Sundargarh,22.06354819277107,84.50524819277099,374,2093437,1062349,191660,873227,584687,288540,223537,12787,94710,102.79543539121758,64.12048702683673,3.41022920680202,73.19790373438512
Puducherry,Karaikal,10.876161726078813,79.82369793621002,637,200222,0,35348,68301,53139,15162,47880,1868,18998,95.50447697069708,77.3721169501853,14.401514319105793,76.2343798383794
Puducherry,Mahe,12.006420793787758,75.28275021570326,636,41816,0,144,11802,9093,2709,7150,574,4475,84.43082080007058,87.21541993495313,30.744212741534344,66.81652955806389
Puducherry,Yanam,16.707695652173904,82.26187304347832,634,55626,0,8427,16760,14047,2713,12859,207,3836,96.38481906443072,70.60367454068242,2.1410851040880163,96.24456189551648
Punjab,Amritsar,31.548679820627772,74.79883856502238,49,2490656,0,770864,917856,735195,182661,461231,29961,142399,112.46835140686953,67.6436248120977,0.5019561111610756,27.741245679853016
Punjab,Bathinda,30.190524611973352,75.05685898004438,46,1388525,0,450473,549986,432988,116998,255650,11284,70240,115.16577616343938,60.84643776669487,1.173835544912767,27.408148935020975
Punjab,Faridkot,30.591187250996025,74.79751553784862,45,617508,0,240328,221555,185049,36506,113549,4348,29838,112.32099079553153,61.745758759400694,0.5060663181691574,22.89249693931091
Punjab,Fatehgarh Sahib,30.64290947368421,76.36208394736842,40,600163,0,192493,214783,182777,32006,113683,5138,34990,114.82882792588987,70.98621541147988,2.800572511134475,25.468247792682984
Punjab,Firozpur,30.63407535211269,74.40245732394365,43,2029074,0,855726,756695,596406,160289,349662,10042,82448,111.9276777479876,60.49611793359927,0.337296717616016,44.67101741976882
Punjab,Gurdaspur,32.04283371212125,75.3204064393939,35,2298323,0,580576,757138,637652,119486,411216,14428,104345,111.6892602601441,71.12659969899792,1.2037907639613754,46.74416955319161
Punjab,Hoshiarpur,31.55157169811319,75.8469857442349,38,1586625,0,557504,499822,412506,87316,319930,13747,93618,104.04967797028684,75.61326715512487,1.455227290632632,63.073694162136604
Punjab,Jalandhar,31.250336907216507,75.54400350515463,37,2193590,0,854444,774472,639484,134988,446200,39082,162965,109.23635440999868,73.96719532820627,1.3782429715671571,63.56379268687403
Punjab,Kapurthala,31.336592638036837,75.47641165644177,36,815168,0,276707,284165,235562,48603,161206,9732,48221,109.63181838053578,70.72983728507498,1.2500490696396325,41.23370887964199
Punjab,Ludhiana,30.76596397379912,75.83110851528383,41,3498739,0,923358,1284822,1053600,231222,703624,58589,272280,114.52508794100027,73.17564985556224,2.2211716849985095,42.941271126540165
Punjab,Mansa,29.919547714285724,75.4304922857143,47,769751,0,258878,328512,230739,97773,140099,2673,27461,113.2162019173506,55.025586196055606,1.347838456851631,20.336316549117832
Punjab,Moga,30.756540067340065,75.1600845117845,42,995746,0,363417,359172,292379,66793,183396,7897,37417,111.93931370337104,63.057145095235136,0.9428107167892213,15.909077214470358
Punjab,Muktsar,30.31243303303303,74.5518747747748,44,901896,0,381554,335326,272699,62627,166585,4571,36905,111.57659158194026,58.19384940170485,0.48043233366153076,28.264899722362667
Punjab,Patiala,30.214540380693364,76.27505893949697,48,1895686,0,465359,660267,549661,110606,352929,24274,141947,112.24388802056508,66.82493830729351,2.1123223993847082,41.320450749754976
Punjab,Rupnagar,30.910937330754347,76.53743500967126,51,684627,0,180905,233676,186910,46766,129123,6600,38823,109.27517714020212,73.43137211941685,2.1167730749736715,44.47399825014205
Punjab,Sangrur,30.185045204336895,75.89437014178496,53,1655169,0,461609,568758,485129,83629,305557,10736,73636,112.9820881694418,60.54227695177955,10.821613986245513,23.526902690903466
Rajasthan,Ajmer,26.199300378787903,74.6990419191919,119,2583052,63482,478027,1053722,686149,367573,393498,13499,172683,105.17233573239014,59.10345591184382,12.162318064057557,85.23494687679536
Rajasthan,Alwar,27.55271738035265,76.65359630562563,104,3674179,289249,653036,1708542,994171,714371,485723,9750,222622,111.74956905817528,59.40037216477477,14.896797352551413,82.71994913693645
Rajasthan,Banswara,23.453642032967014,74.44246868131869,125,1797485,1372999,80091,916574,482236,434338,120603,2324,47094,102.02566843236889,46.13907765572453,2.7167959676993134,94.64524043316078
Rajasthan,Baran,24.98023243243244,76.86210651828291,128,1222755,276857,221184,552583,329754,222829,161310,1363,49939,107.66546084475468,56.70040196114512,6.5412940450049275,92.68815093784119
Rajasthan,Barmer,25.77070908045978,71.50297126436782,115,2603751,176257,436414,1202482,696240,506242,126494,2766,39533,110.87631374981879,45.63884949060029,12.335741781760238,86.21723044945541
Rajasthan,Bharatpur,27.32411858037578,77.21752077244258,105,2548462,54090,557305,1071154,647198,423956,288723,4179,132571,113.66522013253561,58.108341423179944,14.569022414303214,84.09173846814275
Rajasthan,Bhilwara,25.45119767759564,74.63947595628417,122,2408523,229273,407947,1148165,674589,473576,373644,6207,106667,102.77398220387998,52.15337366510513,5.913458165024789,92.37358331226233
Rajasthan,Bikaner,28.12489068322981,73.26943322981371,101,2363937,7779,493646,986208,640572,345636,220793,7607,101714,110.4764694569491,54.09623860534354,9.972389281101822,87.70775194093582
Rajasthan,Bundi,25.48580716049379,75.79984074074079,121,1110906,228549,210788,526091,314806,211285,136969,1392,41052,108.13383144791717,52.66368171564471,5.995916846249818,91.6088309902008
Rajasthan,Chittaurgarh,24.631623761665463,74.80010997846382,126,1544338,201546,250224,802755,456632,346123,268172,4941,67155,102.89082422122873,53.215358295917085,6.336371960024295,91.50606926722
Rajasthan,Churu,28.29330375536484,74.65846427038629,102,2039547,11245,451721,902829,541404,361425,231696,2577,77282,106.41078189375376,56.34922852966859,12.244679823509829,87.17028830421657
Rajasthan,Dausa,26.91234817629181,76.57342097264443,109,1634409,433344,354337,684495,398151,286344,195277,1719,90833,110.45103023092315,57.39389589753849,2.7831466909445557,96.81389419661785
Rajasthan,Dhaulpur,26.72397054945053,77.74476219780222,106,1206516,58594,245695,523212,339110,184102,96086,1330,37856,118.22818787090613,56.617400846735556,5.988979839471669,93.45255263916931
Rajasthan,Dungarpur,23.75104807692308,73.84765641025645,124,1388552,983437,52267,641515,346624,294891,141275,1477,39312,100.65200427733303,49.086458411352254,2.064164683785699,96.50808900206835
Rajasthan,Ganganagar,29.256785412667963,73.56192303262948,99,1969168,13477,720412,912672,596320,316352,283142,6295,104071,112.69263837343438,60.6013808877658,2.5740820488653076,72.98229506065506
Rajasthan,Hanumangarh,29.1813351791531,74.74632573289902,100,1774692,14289,494189,835260,512802,322458,243163,3360,84185,110.3942108432878,58.271294399253506,6.686963146281158,80.75018087645631
Rajasthan,Jaipur,27.033459290187885,75.77117286012533,110,6626178,527966,1003302,2464893,1714947,749946,990085,76565,703673,109.84383743588234,64.90868491610095,10.37478920729265,87.83313699088676
Rajasthan,Jaisalmer,26.86900838548185,71.18371877346682,114,669919,42429,99134,288903,182565,106338,43141,754,10604,117.3572649905422,46.07318198170226,25.09691470162811,74.19479071350416
Rajasthan,Jalor,25.07578093797277,72.18647261724662,116,1828730,178719,357196,896644,494906,401738,161845,1585,25210,104.99251201664394,45.36383173021715,4.3193910528071395,94.7571265304337
Rajasthan,Jhalawar,24.24725541474657,76.11242891705065,129,1411129,182229,243582,685950,402825,283125,220428,1750,47985,105.70813398524169,52.42554011716859,6.814685262651395,92.10717092484103
Rajasthan,Jhunjhunun,28.13517401247401,75.52840893970894,103,2137045,41629,360709,894649,541392,353257,297559,4828,158936,105.25832517728011,64.12405915645202,10.677266973788573,89.17369545330118
Rajasthan,Jodhpur,26.678460838536967,73.00450847457628,113,3687165,118924,608024,1489741,965103,524638,408808,19335,177199,109.11340903123063,55.09739867893083,11.161908946304274,87.44927335771521
Rajasthan,Karauli,26.51901555555556,76.96081818181815,107,1458248,324960,354465,628726,371058,257668,132079,1059,67639,116.16195455441596,55.26145072717398,5.592532957357048,94.01535266977908
Rajasthan,Kota,25.175718080000014,76.18618928000001,127,1951014,183816,405408,748811,534650,214161,339899,12843,167778,109.81961664908324,66.5471903328218,12.505958440072702,85.15095227404827
Rajasthan,Nagaur,27.07862016048146,74.14215667001012,112,3307743,10418,699911,1425882,857031,568851,347344,4449,117444,105.26908598513856,53.16688751211929,13.740094076232644,85.66091742919568
Rajasthan,Pali,25.80490393541874,73.55285640766907,118,2037573,144578,398096,842327,523077,319250,326793,4043,67021,101.31116799766042,53.28363695435697,7.041514586225868,91.80250229071547
Rajasthan,Rajsamand,25.24894767441859,73.96570215946844,123,1156597,160809,148168,550831,319534,231297,193276,1989,34286,101.05709090529815,53.53109164211908,2.911731571152268,95.59734289471614
Rajasthan,Sawai Madhopur,26.251081180223288,76.4219283891548,108,1335551,285848,278789,578068,343802,234266,140947,1887,70870,111.48197998479858,55.53872521528568,11.656687015321767,87.26772695314519
Rajasthan,Sikar,27.64644058641976,75.29317422839503,111,2677333,75349,418806,1006504,657854,348650,339457,5647,181282,105.57817717759454,61.7075649536311,12.235422340067522,87.47794913819088
Rajasthan,Sirohi,24.7976905263158,72.75309131578943,117,1036346,292470,201863,419829,272196,147633,134089,2146,27076,106.39614430957052,46.008379440843115,2.941006189052691,96.16112765427762
Rajasthan,Tonk,26.153935071707927,75.79192216427637,120,1421326,178207,287903,649161,371848,277313,158264,1908,67155,105.04133065970369,52.743635168849366,10.77486797539762,87.49062495162968
Rajasthan,Udaipur,24.44076752136749,73.84029839743584,130,3068420,1525289,188525,1365783,835839,529944,357846,14211,142672,104.3407815164832,51.57797824287418,3.399371663592338,93.5326976098448
Sikkim,East,27.29600352941175,88.74908392156858,93,1709346,0,281422,579692,486951,92741,352758,80037,246988,113.17634558256822,79.15296259505097,10.46055040933784,82.53753189816456
Tamil Nadu,Ariyalur,11.190514836795256,79.22249643916912,616,754894,10722,176230,359851,212547,147304,177502,1749,57524,98.5565150148215,63.66509735141622,1.052068237394919,93.84059218910204
Tamil Nadu,Chennai,13.058098905608748,80.28139151846806,603,4646732,10061,779667,1817297,1369302,447995,1096334,217368,905515,101.0799311779714,81.267350903818,9.453310412565218,80.73032832536931
Tamil Nadu,Coimbatore,10.871376995940452,77.07619012178621,632,3458045,28342,535911,1567950,1083125,484825,896325,63273,440520,100.03175708663147,76.22535276435094,6.102725673032017,88.03080931566825
Tamil Nadu,Cuddalore,11.57587300613498,79.63002365371497,617,2605914,15702,763944,1169880,749633,420247,598412,15396,227530,101.3506235816714,69.66005017817164,4.748775285753866,91.77873866904281
Tamil Nadu,Dharmapuri,12.300141200000006,78.11509813333339,630,1506843,63044,245392,751170,446057,305113,337972,3651,112592,105.701122123024,60.902761601573616,2.542003380577804,96.42384773994371
Tamil Nadu,Dindigul,10.377801390820574,77.78011279554937,612,2159775,8064,452376,1105155,665469,439686,500057,9155,163050,100.1947467504359,68.61057286059891,4.862173143035733,87.02267597319165
Tamil Nadu,Erode,11.267012155963302,77.42034334862392,610,2251744,21880,369483,1195773,732083,463690,595211,18604,215514,100.71237819509464,66.28915187516876,3.3795138346099733,93.94740254664828
Tamil Nadu,Kancheepuram,12.496424756511884,80.08820360135913,604,3998252,41210,948081,1673814,1181308,492506,961161,100322,526886,101.3934460085005,75.36748559120335,4.346524431176424,88.47363797979718
Tamil Nadu,Kanniyakumari,8.183466300191206,77.32053064053538,629,1870374,7282,74249,679620,524629,154991,465692,15673,254107,98.1267524620536,82.8036531731087,4.201833430105423,48.64652737901618
Tamil Nadu,Karur,10.79532776617955,78.08749686847604,613,1064493,575,221385,543298,329034,214264,264949,4915,85595,98.48501516849429,68.29955669036809,5.006326955649309,93.34640998108958
Tamil Nadu,Madurai,9.904313833333331,78.01366033333332,623,3038252,11096,408976,1354632,902704,451928,754141,34097,363152,100.97223333864717,74.82690705050142,5.558492185638321,90.85823032454188
Tamil Nadu,Nagapattinam,10.789468161718286,79.79437299431483,618,1616450,3756,509767,671994,461174,210820,381940,5585,125639,97.53202586264837,75.0414797859507,7.956757091156547,88.77923845463826
Tamil Nadu,Namakkal,11.33766638477801,78.14624841437633,609,1726601,57059,345392,898245,531463,366782,441044,8960,169206,101.39492675438954,68.11828557958671,1.8813263747675346,96.93333897061336
Tamil Nadu,Perambalur,11.260137758112096,78.86034011799416,615,565223,2584,175289,299726,162639,137087,135751,1507,44025,99.67887347827008,66.49110174214425,5.785681049780353,92.29242263672923
Tamil Nadu,Pudukkottai,10.130514816433578,79.05444484265728,621,1618345,1283,284804,761693,471099,290594,354493,4494,111731,98.53169389455037,68.62226533897284,7.056221015914406,88.28673737676453
Tamil Nadu,Ramanathapuram,9.31286995153476,78.99185362412462,626,1353445,1105,249008,602977,392751,210226,291400,5172,97405,101.76971229317205,72.32994321897085,15.370997713242874,77.38851597220426
Tamil Nadu,Salem,11.629324202127655,78.2478257978723,608,3482056,119369,580512,1694160,1083797,610363,835377,20660,296399,104.76840430818267,65.63828956225862,2.742259171018502,95.52853256811493
Tamil Nadu,Sivaganga,9.960306580645158,78.56535729032255,622,1339101,790,227746,620171,391305,228866,314270,5773,115894,99.73792899770147,71.67077016595462,5.549245351918937,88.57270661436291
Tamil Nadu,Thanjavur,10.387692255892237,79.3194869107745,620,2405890,3561,455062,974079,680483,293596,555582,13495,222410,96.64414609546259,74.44222304427883,7.931119045342888,86.2828308858676
Tamil Nadu,Theni,9.924066666666668,77.43458833333332,624,1245899,1835,258200,591642,368900,222742,312310,4667,101147,100.8814671017839,69.83551636208072,4.555024123143208,92.22176115399402
Tamil Nadu,Thiruvallur,13.275858101752885,80.19724702864492,602,3728104,47243,821646,1538054,1103563,434491,909400,75634,451321,101.29694682949955,74.88313094269903,3.8382244701328077,89.20950166626253
Tamil Nadu,Thiruvarur,10.368927409395978,79.60322893959727,619,1264277,3034,430927,540168,369853,170315,303114,4416,99082,98.29183291927025,74.86262899665184,7.6005495631099835,89.59943113732196
Tamil Nadu,Tiruvannamalai,12.419318947368414,79.23265631578953,606,2464875,90954,565329,1238177,738995,499182,549077,6445,158041,100.56168255781594,65.9998174349612,3.7176733100055785,93.08257011004615
Tamil Nadu,Vellore,12.784882632293078,79.02643283582084,605,3936331,72955,860212,1689330,1123874,565456,865913,20623,308514,99.34393204239956,70.46988680575896,10.536715535355132,86.32040852255565
Tamil Nadu,Virudhunagar,9.468872195892564,77.87641469194315,625,1942288,2294,399831,950158,579111,371047,505950,10219,167506,99.2950802346449,72.01753807880192,2.462971505770514,93.83912169564967
Tripura,Dhalai,23.781360477941163,91.94654283088232,291,378230,210608,61688,155831,105657,50174,46875,273,6425,105.91117450431715,73.0288448827433,2.1827988261110964,81.19927028527616
Tripura,North Tripura,24.121739755351683,92.17842538226292,292,693947,179426,114968,248667,186034,62633,81601,997,18419,103.4516120520571,74.99160598720074,15.237042598354053,73.19968239649425
Tripura,South Tripura,23.211874098057383,91.6065807585568,290,876001,344835,140168,366845,253229,113616,133744,948,26870,104.45482277101318,73.83667370242728,5.6230529417203865,84.01988125584332
Tripura,West Tripura,23.780166241299337,91.41310788863107,289,1725739,431944,338094,698178,500406,197772,314567,6394,85405,103.9131005032429,78.88527755355823,8.853656317670284,87.66105419185635
Uttar Pradesh,Agra,26.99512974910393,78.05278291517321,146,4418797,7255,991325,1389844,1119701,270143,536402,27183,199395,115.14764509865402,60.66153299189803,9.308257428435839,88.77343765735336
Uttar Pradesh,Aligarh,27.93748576850093,78.00146831119557,143,3673889,629,755254,1174361,929337,245024,268120,13634,172585,113.36337391463928,56.957817723943215,19.850436417648982,79.04811495393574
Uttar Pradesh,Allahabad,25.392038662316445,82.05172446982063,175,5954391,7955,1309851,2111907,1426110,685797,391542,24122,428871,110.95531612168142,61.56342437035123,13.380982202881873,85.68535388421753
Uttar Pradesh,Ambedkar Nagar,26.39119025974028,82.68282142857147,178,2397888,746,591125,787398,547406,239992,99581,2509,194387,102.27182621693527,62.010360784156724,16.75132449889236,82.80845477353405
Uttar Pradesh,Auraiya,26.66892394014961,79.42637057356607,162,1379545,150,391622,442023,364543,77480,65479,2404,79012,115.72075276972033,67.47413096346983,7.391060095901185,92.31637967590764
Uttar Pradesh,Azamgarh,26.008290954773837,83.01220251256285,191,4613913,9327,1171378,1372032,941890,430142,183381,6652,158303,98.11478250116255,60.077357332051996,15.576626607393768,84.06370037753204
Uttar Pradesh,Baghpat,29.045793499999988,77.30266300000001,139,1303048,14,149060,416695,342604,74091,119121,2989,44164,116.10208000955258,61.23872643218055,27.979245584199507,70.40983908497614
Uttar Pradesh,Bahraich,27.691776300578027,81.46779783237004,180,3487731,11159,509307,1152160,895576,256584,85814,2681,47690,112.16883323082986,40.09391779354543,33.526954917108,65.71298073159886
Uttar Pradesh,Ballia,25.86075638297873,84.03651978723408,193,3239774,110114,494698,1019483,723060,296423,119972,4672,200434,106.7669854333985,60.608857284489595,6.588113862263231,92.72992498859487
Uttar Pradesh,Balrampur,27.449076537911324,82.47158326180256,182,2148665,24887,277212,760253,534332,225921,57400,1551,37109,107.8125120896296,40.413791819571685,37.510500706252486,62.049784401011784
Uttar Pradesh,Banda,25.351885902503284,80.52487391304344,170,1799410,163,387855,701689,485314,216375,73522,1655,63112,115.87721676620271,55.73699156945888,8.759093258345791,91.0047737869635
Uttar Pradesh,Bara Banki,26.922777025232424,81.35762350597606,176,3260699,610,864559,1192850,871241,321609,108116,3159,113799,109.87670134253675,51.90476029832867,22.605766432289517,76.83763512056771
Uttar Pradesh,Bareilly,28.51101940789474,79.43187072368416,150,4448359,3227,557150,1401971,1153006,248965,272830,15164,146446,112.76949185294451,49.271180675840235,34.541591629632414,63.636230798818175
Uttar Pradesh,Basti,26.833880454545447,82.69790590909092,185,2464464,3620,513959,783688,558642,225046,108101,3423,143642,103.81080920151638,56.55521849781535,14.790640074271726,84.5204474482078
Uttar Pradesh,Bijnor,29.313974259681096,78.45098815489754,134,3682713,3058,787444,1088036,921497,166539,268353,7303,148185,109.0671121965509,57.984236078130444,43.04462498163718,55.17891293728292
Uttar Pradesh,Bulandshahr,28.34875862068968,78.01082758620684,142,3499171,198,725600,1173260,897815,275445,223922,7865,151182,111.56948590341318,58.0610664640282,22.216890800706796,77.36675343960042
Uttar Pradesh,Chandauli,25.1180859611231,83.25307062634984,196,1952756,41725,446786,652543,462971,189572,99602,3492,88299,108.88419651901746,60.15119144429719,11.014228096085738,88.48360983143823
Uttar Pradesh,Chitrakoot,25.159924623803,81.07666087551297,171,991730,366,266655,394197,254977,139220,41046,827,35826,113.73076815320393,53.55005898782935,3.484718623012312,96.33388119750336
Uttar Pradesh,Deoria,26.42218856548857,83.8244070686071,190,3100946,109894,468663,876246,639073,237173,150001,4469,194341,98.33234197414791,60.47312658782191,11.5622458436877,88.0685119960167
Uttar Pradesh,Etah,27.591155309734443,78.70021858407083,201,1774480,140,281011,545984,440244,105740,69591,2635,88607,114.53174247196065,59.4654208556873,8.247261169469365,90.79426085388396
Uttar Pradesh,Etawah,26.78817670157068,79.07621806282728,161,1581810,169,388283,506072,413713,92359,113098,2964,118571,114.9332702859146,67.13846795759288,7.204468298973961,92.1660629279117
Uttar Pradesh,Faizabad,26.60589185185181,82.00783530864202,177,2470996,931,555047,831209,597888,233321,127754,4746,179996,103.9839256113749,58.71725409510983,14.803989970036374,84.75412343848392
Uttar Pradesh,Farrukhabad,27.45063297872342,79.4406284574468,159,1885204,230,312712,592267,494545,97722,88081,2624,110391,114.4802289968645,57.96067693469779,14.685201177167034,84.67401936342168
Uttar Pradesh,Fatehpur,25.8374362030905,80.85416203090509,172,2632733,340,651480,1063929,713736,350193,75263,3385,116445,110.9543104988658,57.437119525603244,13.320758314648696,86.39972226579755
Uttar Pradesh,Firozabad,27.20963993055552,78.42660624999998,147,2498156,2565,473890,761521,621840,139681,196080,5834,108627,114.22987539768977,60.91717250644075,12.60177506929111,85.69300716208275
Uttar Pradesh,Gautam Buddha Nagar,28.393311038961038,77.52462467532465,141,1648115,2215,216105,569109,443384,125725,257586,53181,101645,117.45782100828472,68.13523328165813,13.075543878916216,84.58299329840455
Uttar Pradesh,Ghaziabad,28.74997308584685,77.67441879350343,140,4681645,3968,773463,1520538,1231615,288923,695130,78116,255949,113.49970426087795,66.71296093573946,25.349551279518202,72.93220652142568
Uttar Pradesh,Ghazipur,25.624724775583484,83.5360854578097,195,3620268,28712,726641,1204602,808700,395902,105767,5309,186306,105.09190779705109,60.70127957377741,10.1692195163452,89.32460248799259
Uttar Pradesh,Gonda,27.157215552099505,82.0226888024882,183,3433919,870,531973,1170552,855848,314704,104084,4313,118176,108.52412566880803,48.92351858037421,19.76211436553978,79.7653060541032
Uttar Pradesh,Gorakhpur,26.63315886792452,83.3549560377358,188,4440895,18172,936061,1351629,1016876,334753,296619,14597,273903,105.30063547157391,60.805941144746726,9.09382005203906,90.27542871425692
Uttar Pradesh,Hamirpur,25.738158381502892,79.82619479768789,28,454768,3044,109256,241931,118724,123207,104120,2521,35620,91.32176122643017,78.74146817718045,0.8160204763747668,98.8222566231573
Uttar Pradesh,Hamirpur,25.738158381502892,79.82619479768789,168,1104285,474,241198,443655,308527,135128,55929,1196,59612,116.20936352173675,59.16036168199332,8.264985941129328,91.46316394771277
Uttar Pradesh,Hardoi,27.337409090909137,80.26411767676768,155,4092845,349,1274505,1318946,1091952,226994,95508,3845,103523,115.2539466909435,54.28011566526463,13.590033338667846,85.7137516812877
Uttar Pradesh,Jalaun,26.067954587155988,79.36686911314993,165,1689974,832,468178,620764,470969,149795,104176,2217,106888,115.59035671185205,63.622043889432625,10.15287809161561,89.33320867658318
Uttar Pradesh,Jaunpur,25.70141280913127,82.54315351934063,194,4494204,4736,990345,1437375,934157,503218,181467,8002,256398,97.6569870156601,60.782220833767234,10.763863856647362,88.5919286262929
Uttar Pradesh,Jhansi,25.45581535234902,78.89954580536917,166,1998603,3873,562505,814914,565357,249557,183340,8517,92586,112.3537055591622,65.27124196251081,7.397266990993209,91.260245281329
Uttar Pradesh,Jyotiba Phule Nagar,28.870498984771597,78.39009365482241,137,1840221,164,318001,599089,459037,140052,89329,2825,69522,109.88592245190311,53.42347468048675,40.77597201640455,58.44080683787436
Uttar Pradesh,Kannauj,26.993988617886185,79.64437940379408,160,1656616,15,309980,524676,430934,93742,61491,2488,95072,113.80104279593206,61.3954591770211,16.5377492430352,83.04809322136211
Uttar Pradesh,Kanpur Dehat,26.43047641196011,79.98710083056478,163,1796184,801,460544,628864,493991,134873,49753,2682,97740,115.64671178455788,65.15162143744739,9.816755967094686,89.79970871581085
Uttar Pradesh,Kaushambi,25.53587532051282,81.41811282051287,174,1599596,193,555397,639086,402644,236442,43753,1503,45341,110.16592849137643,50.851840089622634,13.77991692902458,85.79547585765405
Uttar Pradesh,Kushinagar,26.892530675909864,83.92261542461007,189,3564544,80269,544231,1116973,804857,312116,127331,3486,119625,104.09770688507056,54.84067527291009,17.400374353634014,82.15530513860959
Uttar Pradesh,Lalitpur,24.58877161016945,78.60082330508473,167,1221592,71610,240519,503351,326783,176568,77082,1079,34658,110.40853903245198,52.48814661523651,2.760659860247939,95.26945166635014
Uttar Pradesh,Lucknow,26.838233589251463,80.89706026871404,157,4589838,7506,948294,1542806,1226399,316407,582769,68506,639260,109.06975706056679,68.13443088841044,21.461977525132696,77.07868992326091
Uttar Pradesh,Mahoba,25.34529670138888,79.67863003472216,169,875958,647,220898,349676,237153,112523,42936,1316,37165,113.85693359375,55.72253464207188,6.558990271223049,93.05720137266856
Uttar Pradesh,Mainpuri,27.17386862302482,79.03501851015807,148,1868529,478,368206,560840,466067,94773,79022,2642,111696,113.50908185092419,64.42955929503904,5.390497016637152,93.47722192162927
Uttar Pradesh,Mathura,27.59390432801821,77.62153416856502,145,2547184,1520,506580,840939,635142,205797,281239,8726,103102,115.8522582345459,59.19266138606398,8.516581448375932,90.71884873648703
Uttar Pradesh,Mau,26.01082203791469,83.50582654028433,192,2205968,22915,474537,696747,475413,221334,149908,2656,150462,102.1488940755586,61.788928941852284,19.42707237820313,80.23402878010924
Uttar Pradesh,Meerut,29.02957625698323,77.80611005586593,138,3443689,3390,624149,1090539,898810,191729,425624,23717,275076,112.8432592929554,62.18587102377712,34.42944470304955,63.39872735313787
Uttar Pradesh,Mirzapur,25.10207959183675,82.60126628571429,199,2496970,20132,661129,881996,613061,268935,145997,4447,140668,110.7738201757792,57.216666599919094,7.840102203871092,91.81263691594212
Uttar Pradesh,Moradabad,28.851770406189537,78.73580193423597,135,4772006,685,731406,1417811,1193439,224372,281758,11690,186489,110.32986310064263,47.44017505426439,47.11628610693281,52.14295623266191
Uttar Pradesh,Muzaffarnagar,29.470507977736563,77.64017847866423,133,4143512,317,561250,1291644,1081569,210075,368153,10077,98691,112.47929569996687,58.34034027173084,41.30440553810391,57.50952332224452
Uttar Pradesh,Pilibhit,28.52024175035868,79.90103974175037,151,2031007,1714,333558,618605,534939,83666,83006,2870,66129,111.78273314529122,52.24477315932441,24.110502819537302,71.34426419997568
Uttar Pradesh,Pratapgarh,25.864842731707316,81.93530048780492,131,867848,550427,60429,481294,251691,229603,71612,716,19109,101.77631456577944,46.26559028770015,2.94947963237802,95.32694665425282
Uttar Pradesh,Pratapgarh,25.864842731707316,81.93530048780492,173,3209141,723,709252,1066601,704569,362032,140538,5149,197846,100.18895160243935,60.18928429757371,14.097043414421492,85.11159216749903
Uttar Pradesh,Rae Bareli,26.253902840059787,81.22260463378181,158,3405559,1756,1030367,1204710,867393,337317,247856,5184,153041,106.02080922337763,57.72453215463306,12.134366193626363,87.38647605283009
Uttar Pradesh,Rampur,28.83244727272725,79.10977333333337,136,2335819,358,307936,737261,609693,127568,131112,3847,43839,110.06888922863848,44.68094488485623,50.57485190419292,45.974880759168414
Uttar Pradesh,Saharanpur,30.03381165217392,77.59905147826095,132,3466382,980,764450,1037344,911136,126208,404499,9699,154153,112.36494318362827,59.92149739988264,41.94725220705624,56.74192861606136
Uttar Pradesh,Sant Kabir Nagar,26.791596516393444,83.0387764344262,186,1715183,1593,369039,539469,383482,155987,79525,2031,63506,102.8537231809274,55.67621647369406,23.578242088453536,75.82782711815591
Uttar Pradesh,Shahjahanpur,27.991389350649328,79.8302275324675,152,3006538,508,532673,892214,783313,108901,115163,3889,87355,114.73200798494432,49.589594410581206,17.547790847812333,80.24495283279308
Uttar Pradesh,Sitapur,27.501995963091108,80.85288881199547,154,4483992,1602,1446427,1422602,1171252,251350,102040,3874,127750,112.63965765143726,50.93080005495103,19.93145839689277,79.29206831769548
Uttar Pradesh,Sonbhadra,24.46693268858798,83.06816324951639,200,1862559,385018,421661,730399,463611,266788,95582,5149,63846,108.99098421817406,52.92224300008751,5.560468151612915,93.35376758534898
Uttar Pradesh,Sultanpur,26.2846386419753,82.05710456790123,179,3797117,696,851587,1242632,869838,372794,233701,5956,176414,101.70276080447016,58.9895439092343,17.12512414023587,82.15680475476526
Uttar Pradesh,Unnao,26.63163990895297,80.636773292868,156,3108367,2926,948588,1124744,851014,273730,99466,3476,101934,110.26916416375786,57.05838467594078,11.692731263714998,87.89232416892857
Uttar Pradesh,Varanasi,25.36057088888889,82.82529666666672,197,3676841,28617,486958,1220708,921234,299474,336056,19214,281652,109.50851973579245,65.37957447711229,14.876547558080427,84.5204075998935
Uttaranchal,Almora,29.683532133676103,79.50165064267351,64,622506,1281,150995,298211,142460,155751,109876,1830,37742,87.82711020592893,70.11932415109253,1.2452892020317876,98.19182465711174
Uttaranchal,Bageshwar,29.98703393393397,79.83954354354357,63,259898,1982,72061,123638,58708,64930,47083,435,10900,91.70477679756883,69.0590154599112,0.5540635172259887,99.08079323426882
Uttaranchal,Chamoli,30.58338611464965,79.56281095541402,57,391605,12260,79317,180940,93832,87108,71524,899,27168,98.166627870495,71.6425990475096,1.1223043628145708,98.52223541578887
Uttaranchal,Champawat,29.29142393939393,80.07720212121217,65,259648,1339,47383,99566,60427,39139,37725,548,15110,102.0245403546447,68.44882302193739,3.347994207542519,96.11589536603401
Uttaranchal,Pithoragarh,30.14720631868129,80.34229230769236,62,483439,19535,120378,216490,113539,102951,95421,1344,28375,98.02279904805987,71.47747699296086,1.244210748408796,98.2761010179154
Uttaranchal,Tehri Garhwal,30.463700918635173,78.48783792650917,59,618931,875,102130,280442,140821,139621,117239,1366,30704,92.84643786318529,65.91914122898999,1.1914090585218706,98.5303692980316
Uttaranchal,Udham Singh Nagar,29.02779577677222,79.45629004524895,67,1648902,123037,238264,591458,444578,146880,254802,7883,111062,108.69033651892943,62.94121785284996,22.576660104724237,66.9810576977892
Uttaranchal,Uttarkashi,30.968958552036234,78.56880615384617,56,330086,3512,80567,157276,84265,73011,52621,602,18882,104.40153818526339,65.17271256581618,1.0766891052634768,98.41647328272026
West Bengal,Bankura,23.081280892857155,87.12640053571437,339,3596674,368690,1174447,1466220,1050822,415398,334670,4273,133465,104.52160522785728,62.08491511880143,8.075516435462319,84.3440634319374
West Bengal,Barddhaman,23.444453888888884,87.8150581111111,335,7717563,489447,2115719,2911251,2293083,618168,1049943,32323,439823,105.76469722508541,67.99047834141425,20.728875164349162,77.85452480271297
West Bengal,Birbhum,24.06389342723,87.65153089201888,334,3502404,242484,1033140,1331603,1029770,301833,333752,5210,115743,104.6413521832515,61.62758493880204,37.06180098012679,62.286218266082386
West Bengal,Dakshin Dinajpur,25.342094363021435,88.69821679819614,331,1676276,275366,482754,702987,499560,203427,168069,2518,52345,104.654263274393,64.64836339600399,24.625300368197124,73.54695766091025
West Bengal,Darjiling,26.839619571045585,88.33145067024122,327,1846823,397389,317275,683726,479586,204140,297176,10943,110193,103.04486545201877,71.23503443481049,5.690095910653051,74.00173162235905
West Bengal,Haora,22.401674174428507,87.99421176968654,341,4850029,15094,718951,1819845,1498170,321675,796953,30751,304594,106.45361632208275,74.33369986035136,26.198626853571387,72.90356408178178
West Bengal,Hugli,22.87929264705881,88.00010264705891,338,5519145,229243,1344021,2152870,1713608,439262,965258,31725,380060,104.07326033872535,73.89528631699294,15.76700738973156,82.88546504938718
West Bengal,Jalpaiguri,26.62642031250004,89.04154375000003,328,3872846,731704,1458278,1512910,1091361,421549,382500,9322,129393,104.93612490752902,64.5205102397565,11.511353666012024,81.51062551932094
West Bengal,Kolkata,22.550581481481483,88.3527648148148,342,4496694,10684,241932,1795740,1412466,383274,927602,136618,691804,110.1329577443727,79.79500050481532,20.602113463802517,76.50709610215861
West Bengal,Maldah,25.08026802575105,88.17191684549356,332,3988845,313984,835430,1537847,1086461,451386,297716,5357,92207,105.89669974356116,52.30667022659442,51.271759118240986,47.99263947333125
West Bengal,Murshidabad,24.25950655391121,88.16816860465121,333,7103807,91035,897534,2589907,1985667,604240,541169,7951,170051,104.3530040909108,57.09380899565543,66.26831218809858,33.208405014381725
West Bengal,Nadia,23.56410971055088,88.58293034547152,336,5167600,140700,1546917,1842607,1554090,288517,623729,12787,209562,105.56664088928775,67.35341357690223,26.75675361870114,72.15113398869882
West Bengal,Puruliya,23.254192328767108,86.3968532876713,340,2930115,540652,567767,1249642,801254,448388,189889,3551,77621,104.45720139081263,55.455331957960695,7.755634164529379,80.99067784028955
West Bengal,Uttar Dinajpur,26.044619165196977,88.23595232216337,330,3007134,162816,807950,1075626,799627,275999,199307,2883,59457,106.52428320655353,49.53776585945289,49.920289551446665,49.314164250745065
